tripID,realized_secs,simulated_secs
23,937.61,1065.49452994163
35,992.08,1121.94207579159
38,806.76,901.185900431654
41,1029.3,1162.97764381846
51,953.47,995.600598371854
57,938.76,771.070992810127
68,818.2,918.614846497351
80,1725.8,2070.21639229729
86,363.82,311.089418859193
87,1175.13,1125.10364761954
95,772.95,836.084160047671
111,1687.53,1792.80994351929
118,1702.16,1488.11675912481
120,1881.26,2002.50238791253
131,1240.55,1610.37820142818
133,1046.51,1648.47029254339
137,1920.1,2312.44855757334
138,984.44,1221.96317312413
141,1160.08,1618.90520272788
158,1667.63,1960.67238215828
164,3419.24,2730.66116857688
174,1083.08,1216.68790112267
181,1309.61,1289.01658319941
192,2542.4,3044.13395068024
202,1020.34,1047.36668797756
207,897.61,462.593972781925
208,1657.34,1644.35808975493
210,737.07,739.660504388834
214,2179.32,1945.69658548066
216,2819.64,2150.19645967098
225,801.49,687.516152663276
250,1868.25,1887.36572585036
256,2502.34,2014.54828432948
258,2814.13,1804.74093127363
263,644.88,688.843712293356
265,1512,1164.13887177054
284,1296.68,1096.97966499479
296,365.31,490.981870789633
298,1883.47,1751.82717132599
312,1527.04,1256.89356345195
347,2112.27,1876.50603124705
350,976.28,1089.54939068861
352,1721.93,1803.09429830238
377,2090.93,2188.64891117368
378,984.35,839.19287986568
383,1393.07,1412.12683190785
385,510.21,543.957530292336
417,2892.39,2530.07425503616
447,1282.73,1044.6355437033
473,2041.98,1953.22034692261
474,1594.2,1615.72209680981
479,2873.09,2421.57619460554
485,2600.58,2338.70239115037
509,2293.76,1925.5868964247
517,1101.56,1158.76507015061
520,1859.55,1744.65135492684
546,1820.77,2045.38159596181
561,1412.33,1426.54510978765
570,1728.65,1543.27174202859
577,2330.02,1885.20189918879
585,1667.09,1447.64557780703
600,2490.63,2368.16214326736
606,1791.9,1756.35228192055
618,1285.56,1088.21624198823
623,1308.32,1032.75797209836
625,1624.2,1679.01329848351
629,1431.04,1580.90238589797
633,1427.34,1268.88714690984
645,2086.78,1599.56410529095
661,1154.28,1044.16746263905
674,2473.45,2287.541179957
700,1128.23,1011.8545377412
704,1674.59,1392.83226089181
760,662.27,850.624363921862
763,2085.15,1813.681574536
772,1504.75,1728.06138651579
786,777.92,609.367535461713
790,1238.07,1330.3576666166
793,1574.94,1556.97928423595
801,573.32,642.547472161224
811,1320.96,1240.14075393524
816,1262.46,1387.97725908537
827,276.4,388.583858507125
845,1621.26,1572.59979955046
854,1951.03,1843.93209563818
861,1975.66,2226.11165798479
866,1502.28,1698.89979740033
902,705.89,879.287502614127
930,113.21,185.663875942166
934,3249.15,1902.42354503201
936,1448.47,1824.05418868195
946,1134.94,1446.03874670912
957,748.45,836.758755695101
959,615.11,653.950505121223
971,584.58,680.33809974871
981,1855.74,1944.09195988582
995,1702.54,1748.27020425682
1003,3970.5,3474.57444390551
1006,1883.02,1833.28006418808
1017,2317.36,2208.96602960767
1041,1695.07,1697.45414955608
1046,1291.53,1084.05573467494
1047,700.35,750.850328133178
1073,1071.59,1232.12223175527
1078,641.99,562.018437672185
1083,969.55,938.801441607376
1086,519.28,492.270945655673
1100,1889.87,2612.47365231085
1106,1017.69,1462.93004765074
1111,2216.29,2785.99558728666
1113,1223.26,1584.32308588617
1131,1879.34,2105.67370851039
1172,410.97,450.080012903201
1186,1549.79,1749.05881800052
1206,894.13,1610.06767780688
1235,1979.05,1910.07161837329
1239,1708,1178.72955122209
1241,1042.51,986.977918229368
1258,1613.44,1961.63360009371
1296,1445.7,1410.95439053788
1303,3017.11,2998.04204694667
1315,692.5,686.042957277929
1321,2481.38,2173.24674751122
1322,1333.83,1184.72698514673
1329,916.89,1091.24607392525
1336,859.35,1087.14015579611
1343,1499.77,1323.61450100719
1379,1110.41,966.384253406475
1382,2534.8,2199.87454282502
1390,2461.82,2033.9994555679
1398,2327.63,1520.76709045613
1399,1333.03,1210.54596806919
1411,1352.4,1311.19351023437
1438,990.93,877.352304802196
1455,1666.96,1341.0680166114
1456,745.96,815.982968916039
1462,1940.61,1767.60797675692
1469,765.33,818.03755841427
1482,158.83,165.06886079535
1485,1643.9,1700.94718125867
1508,1058.29,1073.37288859511
1521,1289.1,1643.59978647202
1524,1438.94,1392.27526704575
1525,2794.87,1930.6775061897
1527,2339.7,2034.62064892518
1546,1425.86,1511.7093691705
1552,1502.33,1770.1671517476
1560,1066.13,1070.22618782143
1617,1240.24,1254.82850836214
1622,1530.54,1736.43952626844
1628,694.29,831.576499620622
1651,1689.68,1671.1707845965
1664,1910.14,1726.77475456001
1666,768.13,1035.21782823362
1684,1571.04,1223.15834717183
1685,1111.02,739.55475741322
1686,2465.47,1779.62096434256
1695,760.97,745.823820071556
1705,1817.5,1153.91657619208
1710,1674.04,1802.34176841461
1713,537.68,540.15588226226
1725,1301.98,1652.15754165675
1728,263.94,217.706909331012
1751,915.78,1098.43998821732
1757,1096.56,1206.55358199902
1764,825.79,1174.95212803385
1773,1271.87,1140.22296721239
1803,1087.29,978.757781273517
1804,787.24,804.384161314815
1811,2256.39,1931.13579461609
1826,726.22,567.575416573553
1840,1313.5,1113.95607402748
1857,109.87,125.479514107124
1859,949.21,931.980497197461
1867,1079.59,1243.93110789148
1938,117.72,224.670249117249
1953,1062.91,1249.05594533659
1956,927.05,1310.17255877716
1963,1106.76,1301.48305962291
1995,1149.52,1225.85296678465
2004,2702.8,2806.19435730865
2010,745.56,791.048567181544
2044,2789.22,2518.01646573528
2058,626.07,703.675413635558
2067,1439.03,2005.74773958045
2078,4514.44,4698.66019124533
2091,267.31,296.599973020704
2099,826.57,1098.68937891556
2108,1841.32,1694.31580206434
2113,1172.93,1400.24066884972
2131,162.44,260.182591853875
2134,2885.16,2067.13081407142
2144,1694.61,1758.42404587683
2178,938.67,920.83061504298
2180,548.41,584.799572853113
2183,3285.41,3473.40376064398
2193,2405.09,2514.16618755866
2199,2495.28,2437.7107402707
2203,780.25,808.217642425743
2204,1859.6,1630.93100659215
2207,1753.65,1581.90207850339
2214,1321.5,1491.10235461259
2228,982.87,1252.48068218826
2236,1561.7,1344.17103918185
2238,1023.38,1113.15871053887
2242,2735.74,2564.35115759761
2291,2951.25,3010.69464240788
2293,2227.5,2448.86816990273
2294,926.27,848.736093778229
2324,783.45,1134.06679389422
2327,446.45,645.231053306936
2339,658.75,717.048364886444
2380,1075.96,1450.89121425088
2392,992.92,1317.00403565833
2437,2043.6,2265.67843953548
2448,1224.61,1106.70174420581
2466,571.01,579.765255268043
2489,583.05,569.643869708579
2504,1485.58,1677.99567877815
2507,1699.04,1916.84124334041
2512,1538.89,1380.9848216262
2521,370.4,350.363286218934
2523,1625.11,1729.02391556031
2526,619.46,695.017990533995
2527,1792.44,2228.76547258162
2533,1027.39,820.341846594825
2535,478.43,448.946159437754
2539,440.49,386.155497787585
2549,244.84,177.989240778717
2550,790.92,762.87279240515
2552,1715.97,1386.91117850062
2573,1164.75,1218.76704327046
2579,1413.06,1450.19129621362
2581,1279.8,1392.19932564062
2585,1225.35,1186.20777112516
2597,930.44,1358.08323839617
2609,1136.18,1291.1136498113
2610,1934.77,2219.28041830665
2613,2034.4,2264.48558578829
2622,883.9,905.117207996546
2624,1365.93,1110.10077280145
2641,1545.54,1941.29980834347
2648,603.74,676.815139178987
2664,99.99,204.149370887298
2676,2573.65,2168.63119132439
2687,1696.94,1230.78055372378
2695,1025.57,1076.31503814612
2703,1140.73,1163.17904551065
2707,1157.75,1007.82542989925
2732,1290.01,1310.08178593312
2736,1622.52,1461.42033192363
2744,823.55,836.28149035473
2745,329.18,505.09013422913
2746,2595.96,2051.14034530814
2756,207.08,317.230453886018
2766,1662.25,1415.84994953105
2770,390.67,589.736354339808
2782,1370.97,1292.59430450774
2785,2105.32,2138.41186906419
2809,2129.02,2648.17532423067
2821,943.41,1169.61225678829
2828,267.61,1058.1492828167
2857,2218.33,2126.43864141365
2864,253.82,256.682086347695
2884,967.75,1169.93753810767
2896,662.8,734.800067291802
2902,309.45,409.975370636433
2912,1228.84,1446.04585956249
2934,489.7,504.021661933727
2948,1605.11,1509.57293673734
2949,1448.02,1717.69416390756
2955,1719.94,1946.5021606351
2956,1283.13,1398.20926223333
2966,939.47,890.965775034254
2970,913.36,742.41891805142
2974,1089.23,1037.51739405974
2977,3138.25,3052.69180225281
3000,1115.97,1243.38421076311
3001,1317.38,1893.43419705296
3004,1120.4,1090.23275298377
3011,982.71,1130.07630959667
3015,1307.41,1725.96152223536
3048,1067.13,918.627089148479
3067,846.96,997.734881117835
3084,575.62,668.826408046914
3109,2668.34,3000.21789935452
3117,1659.86,2139.28497231448
3120,1333.93,1701.5427053892
3160,1393.27,1382.87378854713
3164,1082.95,1256.96936067582
3176,1078.79,917.283024268949
3183,777.37,797.151416235206
3188,779.33,1517.07054993997
3206,1769.98,1714.59507082106
3232,1827.02,2172.1607752756
3242,881.99,750.065302382792
3251,509.41,711.264717612349
3264,1300.46,1056.45125371509
3270,720.760000000001,780.972607143167
3286,1418.6,1323.0088910005
3314,287.75,444.053353774368
3320,726.25,668.304698238062
3349,574.38,641.798366801023
3353,1234.84,1029.00495465182
3366,1425.45,1512.75887711295
3367,2125.66,1573.58575889875
3379,967.75,1038.65418214165
3385,1375.65,1592.69909953067
3388,515.86,619.572106894355
3392,1070.79,967.685810609304
3393,2673.53,2362.65000223471
3410,1454.19,1366.68931989002
3412,2670.84,2913.59596062654
3449,1109.01,986.672613935239
3451,2138.87,1840.60995497427
3468,435.38,387.741558062024
3472,2280.59,1973.36529101945
3488,1713.13,1743.5399713024
3491,1162.19,1003.54428552967
3493,2439.37,2563.83171816745
3496,1139.06,1342.83916790116
3519,2092.87,2044.00041392785
3527,171.15,255.638603405129
3530,840.73,887.994206062549
3534,1276.55,1369.40506192801
3541,634.8,725.123196294254
3613,683.77,685.114158252104
3621,400.14,398.477299000519
3623,455.76,409.183187131704
3633,403.4,457.899749732764
3639,399.51,392.663508102229
3651,200.67,147.050667602349
3652,948.18,1055.91578106503
3660,833.94,1566.90266366747
3687,1045.09,1292.2484311739
3704,1627.85,2088.46851715721
3705,804.19,748.942886819765
3717,1945.72,2165.75838684728
3725,638.98,690.911221310542
3729,1310.35,1657.18475127818
3730,1636.75,1722.50166885915
3738,1013.49,1255.56739905249
3769,1544.8,1628.82466843015
3775,2141.19,2372.05838706987
3777,1372.45,1187.89823123254
3798,1285.64,1376.46892037246
3814,1912.75,1923.69574123256
3820,2125.2,1852.02580081807
3821,725.65,639.52123618114
3846,379.05,386.478234009271
3862,1462.84,1275.89089656668
3884,1295.42,1517.46114516972
3894,1052.33,980.251056432853
3895,1485.04,1394.62823118899
3899,3343.23,2693.02867962539
3918,1959.66,1982.70254770623
3937,1793.91,2057.04725658217
3948,1022.87,1037.7235556118
3950,585.52,902.496873642835
3960,1276.6,1151.17214048836
3968,1089.08,1036.45552079323
3976,2017.53,1848.26795216139
3991,4229.9,4465.61256128567
3995,889.24,962.320352414027
3997,2362.22,2390.25000103709
4008,844.3,751.140050818266
4011,2770.92,2487.6952271295
4014,383.4,594.887341576993
4038,606.800000000001,33624.9967059411
4048,1100.4,1169.64333971696
4056,985.89,1008.63738954361
4067,2129.84,1908.60963621914
4070,1164.5,1175.31467362338
4084,691.11,823.072536238079
4102,104.43,322.954266996706
4118,3144.68,2948.94153973337
4126,3074.92,2709.48880857113
4127,1683.65,2051.00503418744
4130,1132.73,1132.77227837113
4133,757.04,915.886017707201
4135,841.2,1071.24072164748
4153,492.34,223.450000000004
4202,1762.58,1896.47172583471
4215,1590.61,1491.82943173059
4225,1261.54,1607.98584995155
4232,543.59,631.602293652115
4234,1282.58,1346.29434964066
4235,445.2,455.76594375761
4252,2026.39,2007.60469773408
4265,1836.31,1973.72395986017
4267,621.14,689.732087390913
4284,728.62,794.323421981103
4296,1279.69,1419.51884490657
4300,869.23,942.550661319927
4319,1507.13,1690.86916264793
4322,1563.14,1747.95514459144
4324,1601.65,1676.00576112876
4335,736.02,1310.30831617313
4346,661.36,837.282669746352
4373,954.13,1080.3923984522
4377,1125.63,1411.45898221433
4389,1960.34,2079.31882225628
4399,1276.08,1229.23337333126
4403,1202.54,1224.42916862791
4429,835.48,967.100377881222
4443,909,970.913162104622
4465,1336.18,1633.88469075041
4469,863.72,797.203096583418
4473,1379.13,1066.40732530061
4477,1395.16,1234.53429910048
4478,1368.86,1474.96473599257
4487,1960.18,1330.32602962807
4496,1192.97,1341.14160028915
4508,1160.18,975.404648499051
4549,1284.5,1278.77906810157
4565,859.23,1113.25775472143
4575,1079.04,1233.47425188653
4591,2157.66,2024.1302330371
4607,1458.82,1655.06081811385
4668,257.24,309.727920911617
4686,445.33,424.081473110633
4703,1538.87,1471.30849030138
4726,1093.92,1565.6639115558
4733,374.17,375.997543038749
4744,984.000000000001,1190.26197481987
4752,853.05,814.471382725302
4756,1432.96,1553.49651189684
4765,1878.65,2378.94075317606
4766,1477.18,1709.03216629395
4799,799.81,1086.85787497147
4803,1330.78,1099.62123696896
4823,1892.91,1517.61410263751
4836,2098.86,1798.56413068669
4842,1021.11,727.880185142016
4848,1437.4,1042.97460802576
4871,1901.94,2100.55243772822
4875,2452.25,1994.55208313995
4881,862.67,1245.56617700011
4891,225.75,363.389748084118
4915,2487.57,1626.02233120131
4945,1750.44,1769.21385747845
4949,1499.93,1558.06223011905
4956,1187.91,1031.18806885891
4960,2591.3,2548.56911280759
4973,1093.91,1106.68181522663
4987,2191.97,1855.38778497922
5020,2364.09,1355.43877732185
5034,1062.38,965.429472689998
5037,749.9,718.385903158883
5069,706.82,763.307637310587
5075,905,1308.2013464287
5080,1226.18,1201.77693337488
5089,203.43,224.368421353292
5104,1179.1,1245.35752143553
5107,1407.08,1575.05888419443
5108,1391.5,1080.14829253221
5121,900.07,931.528168165297
5134,1477.7,1616.44864437267
5141,1065.78,1092.83320757502
5163,1733.99,1915.59282619816
5168,1467.72,1511.92555203793
5182,824.01,940.357685037094
5200,1044.07,1042.96471598382
5203,1674.25,1704.67537625807
5217,1773.34,1439.34895067802
5219,657.02,798.183143112658
5232,846.23,925.80871799361
5242,1652.46,1724.76289889733
5270,959.81,1003.92810059821
5319,1493.35,1872.04140461904
5338,1020.4,1195.44428216631
5370,1484.35,1355.484759854
5385,1385.1,1899.98828553578
5392,3011.98,3589.9950673741
5402,1113.15,1262.69186775317
5415,893.09,1295.20826011045
5449,1319.41,1540.47034881492
5462,1425.5,1694.91209195226
5471,464.44,468.20601800592
5477,887.93,913.479462671584
5480,2029.56,1816.69136490618
5482,542.72,469.918685601568
5484,745.93,860.954276640899
5497,1705.44,6668.60079306921
5501,1020.27,1500.52628095361
5503,654.74,895.861589849377
5513,1105.54,1369.4224515371
5523,2148.93,2117.75725383029
5534,2272.9,1843.44058116441
5557,284.46,420.714002182734
5561,1330.65,1446.01944876486
5562,468.31,517.90401788684
5570,956.93,1202.84025346716
5573,573.14,459.898561134
5600,932.58,1025.12545499145
5636,2242.28,1890.49871191894
5649,1024.03,1269.44499869398
5659,485.73,739.074229976101
5686,1082.34,1330.89767582973
5701,330.56,379.158255320256
5747,1388.17,1423.95992933341
5767,1136.67,1075.1165939345
5770,395.27,400.005578717773
5786,2491.64,2928.90443915646
5800,1042.71,1320.07632591177
5811,857.219999999999,1123.7007712823
5841,443.85,347.089397031696
5853,1143.1,1262.42485670168
5867,1209.28,1264.13479057165
5876,1951.91,1518.06187755966
5896,247.97,235.233127601569
5897,1126.14,1406.27396063848
5901,1200.63,1269.64651319807
5903,315.01,1270.88377540611
5905,576.92,607.189172550185
5920,417.38,419.667284183329
5935,2855.28,2796.84831091164
5945,267.89,324.167056413266
5971,507.83,566.098401537503
5991,936.58,530.970562635242
6004,1343.79,1403.83853002479
6023,470.45,508.252137207252
6028,1779.48,1681.49350420811
6044,183.95,177.946243609736
6050,1171.25,1219.31119708268
6059,1053.89,1197.69829405417
6075,883.78,1012.66797344373
6089,949.65,1017.47134894207
6095,948.39,925.004631279963
6117,1202.04,1340.76515501883
6164,1215.84,1318.99953388407
6275,1641.74,1724.24937446042
6286,1211.29,1192.41666329771
6289,583.57,793.649976718511
6309,1193.52,1044.62681170682
6312,1492.31,1960.93151250269
6322,2122.53,1519.79811208092
6326,897.65,1153.46552957985
6330,471.03,499.169123093444
6333,113,141.383815133237
6350,1729.67,1895.04300051277
6368,1713.5,1856.8663147507
6389,527.63,1191.29285827729
6398,1444.28,1763.55136172982
6406,1474.29,1200.80184928709
6424,353.61,306.475936829541
6464,1199.76,1257.89472901422
6465,989.74,1132.45030671222
6470,1382.71,1392.95092057853
6475,558.42,515.237467156704
6485,1752.65,1650.40680634846
6489,835.99,816.336979667745
6492,1644.79,1554.79544788047
6505,571.31,649.357334944334
6508,2087.15,1673.48742073251
6511,614.6,660.984879493227
6515,807.39,840.527301487176
6522,1185.28,1503.23797034192
6524,600.11,751.488494060574
6539,1062.19,1249.3765361188
6541,666.91,615.513063301463
6546,1084.5,1073.45849406254
6558,987.17,1001.80593003888
6560,1060.95,1066.46804609886
6566,1919.62,2032.56724554584
6572,1818.23,1655.77179007718
6596,1416.27,1364.85241756196
6600,1762.89,1607.43654012517
6601,1001.82,1326.64240317008
6604,2407.84,2160.14707123749
6607,778.69,827.369793173885
6611,1483.46,1509.91632430216
6621,893.08,954.782797094278
6643,2227.17,1857.61895262741
6648,838.69,911.70999854888
6663,1252.86,1142.81143825025
6674,1984.02,1946.37509217487
6678,136.71,156.056774730272
6693,819.01,652.150312461621
6701,971.49,1380.19592782486
6709,852.4,958.229479526883
6738,712.94,694.973790056176
6754,401.33,523.974742166462
6761,509.42,649.290997698591
6779,990.14,964.677149513557
6793,554.27,543.013366453561
6827,2568.67,2304.48541587524
6833,1352.16,1241.05099573555
6854,388.38,603.137038777942
6877,1434.03,1678.95737365548
6897,1720.21,1502.28930677225
6898,550.09,509.421123378999
6901,846.53,911.110521687281
6909,277.75,216.260638099003
6926,501.2,598.994695874057
6934,1721.13,1962.71473156724
6958,1246.53,1140.86271898827
6982,509.77,609.710121226056
6984,672.69,760.192801236803
6993,128.18,56.7548586184188
6995,1624.67,1866.28823672295
7035,823.9,1305.69200484079
7037,1034.08,1051.72628758615
7046,1269.77,1241.15811349617
7050,778.44,773.879597096409
7068,880.18,921.16850173339
7069,1122.4,1225.49839379367
7083,1266.24,1271.23945384908
7123,1108.12,1000.42139097812
7150,2666.9,2670.19634980285
7162,961.34,1183.03536679251
7166,850.66,1314.06274869159
7174,808.36,972.520470570513
7194,915.68,1258.76321784157
7206,1444.21,1327.17791444134
7213,447.15,401.754727065087
7216,919.63,1044.24866509303
7220,1713.3,1955.55554149061
7228,1178.29,1164.82686516842
7231,1223.84,1382.82832335635
7232,1932.75,2662.03514421198
7242,1070.5,1209.92490899171
7244,801.62,746.207670709634
7254,2174.49,1584.00551800207
7263,1746.81,1747.97770700537
7289,1340.92,1430.08059601293
7295,1524.72,1458.47895890477
7305,1282,1606.30271333929
7345,1996.24,1778.04785061685
7346,2097.85,2266.38785025609
7349,1524.03,1387.4078056112
7362,347.89,351.043473526902
7372,293.35,254.976111600388
7378,1571.64,1483.72320562764
7388,1541.64,1713.07314134229
7392,927.07,995.696193425996
7396,1569.93,1310.84254652358
7413,629.49,514.278578426376
7420,1637.15,1780.93075225165
7441,1669.65,1671.30483603647
7452,1692.54,1116.23649981484
7460,1219.2,1509.15549076151
7474,747.75,959.135718088137
7488,1114.01,1589.21699137962
7496,1306.32,1034.13350327163
7497,973.62,989.888467884705
7505,686.38,823.158742756607
7521,3079.36,2802.1792587199
7535,517.45,508.343824194207
7540,1601.19,1054.81045665715
7542,1815.54,2518.29758400007
7547,2642.91,1828.8098877553
7565,1013.15,1047.64622892932
7593,736.48,1160.3505927345
7600,1660.01,1169.17617340238
7603,2378.9,1956.82870217347
7607,468.64,469.323449023037
7612,1353.98,1137.20727791896
7623,1309.3,1417.87056843531
7624,471.85,429.988252063057
7631,2161.92,2238.17926908421
7657,995.47,843.120380235433
7663,327.33,362.591379498499
7677,2134.8,1797.61461139133
7699,883.17,1424.05908185252
7708,1985.43,2064.89126231835
7745,893.95,827.367653153317
7759,1923.33,2005.47018736351
7765,748.77,803.79276056227
7767,1033.05,898.999701092432
7776,819.69,957.18494613646
7797,1755.31,1796.73960431522
7806,1495.25,1603.37754480907
7808,418.73,384.285316736035
7820,1326.72,1535.20697671232
7827,332.53,341.115145746152
7834,2424.15,2686.58110704156
7837,1238.68,1749.0186626924
7864,1162.97,1013.57908008206
7883,1244.84,1339.55038083088
7886,1899.33,1426.5609667713
7905,1680.19,1755.03148323351
7911,814.01,849.846157746311
7928,1467,1412.80347753427
7956,1277.37,1232.2701299407
7962,1895.34,2172.83624996885
7970,1814.47,2055.59567907675
7977,2991.98,2052.25025974913
7983,653.78,645.224926786439
7984,1502.41,1577.95739906384
8007,1362.49,1448.09127912692
8010,1183.13,1197.8473663191
8011,180.18,363.101593040041
8016,660.13,762.408274236549
8019,2116.84,2164.72842058368
8032,647.63,730.584417025289
8040,990.01,1013.8787396174
8041,1029.99,864.366849973877
8064,1164.86,1253.73928824929
8086,1115.19,1001.83562602246
8092,1504.85,1523.1368144667
8095,1015.16,994.699269557268
8101,1669.65,1170.19271099154
8121,853.73,1358.41921657015
8133,1049.77,1325.43804592956
8139,2797.17,2617.06757854145
8168,1454.25,1561.23183919434
8180,444.07,501.696924880713
8188,656.71,609.239106314727
8192,953.05,977.766194948506
8202,442.03,740.483243586223
8203,2738.05,2029.8343959648
8205,1063.04,1105.0483902691
8211,1228.86,1485.49904411588
8224,233.59,336.812256493247
8232,540.75,845.385728440712
8267,1949.54,1780.86242465229
8298,642.65,650.786823083594
8316,1414.73,1705.10823810629
8317,1346.75,1161.37422246959
8327,2031.97,1814.10770718701
8352,742.33,680.214848950511
8355,1638.23,1841.1599475472
8357,1240.23,1231.16130223339
8360,1469,1350.24008162124
8383,938.15,936.054572159842
8391,1791.81,1723.69313357857
8398,1679.57,1558.99777902383
8407,2020.72,2101.0537408587
8408,241.07,291.373039750267
8410,879.97,1063.01149827384
8425,1650.45,1394.40419145822
8448,1596.33,1188.70567304834
8454,1697.07,1757.55318932514
8475,761.45,792.18960553111
8478,2225.15,1697.49070170511
8497,1278.13,1270.28211508403
8510,1557.84,1874.96055744481
8513,1166.37,1188.0676855905
8518,432.64,634.849572649446
8534,2351.64,1851.82618791042
8549,1097.53,997.243928522687
8557,1509.42,1482.28149869925
8588,800.36,812.393076480006
8608,2753.06,2043.56820036801
8614,676.66,794.106658367849
8626,2140.93,1880.11167058554
8634,1908.06,1773.07651108002
8668,1525.05,1487.82623786441
8676,1397.71,1429.28586906429
8679,2561.36,2252.33440434094
8680,1756.24,1570.00233511671
8687,1351.28,1657.07078487674
8688,669.84,607.541280047554
8702,1751.28,1845.82111033557
8707,1199.11,1480.18871906212
8715,2028.01,1830.55383550693
8741,2256.29,1929.72347650617
8753,1084.13,1164.37825808074
8761,1154.84,1580.56429008545
8765,1403.53,1420.55282182221
8774,3074.14,2405.59135925944
8780,2018.73,2193.53452502966
8787,1842.14,1590.9001470198
8789,5173.62,4498.62713974094
8821,435.49,529.195535279568
8843,702.95,774.698414854644
8845,1576.47,1863.08547720462
8854,906.19,950.071597451077
8871,1669.75,1744.87733030708
8874,1168.04,1591.32522448333
8875,931.14,1226.04565656502
8878,2350.82,2081.50073691343
8889,1717.51,1569.34028765545
8891,1363.57,1364.55862697211
8898,1221.71,1373.64198185853
8904,1695.74,1851.24063294683
8908,640.62,600.484533838718
8918,235.55,197.844129126444
8919,1738.48,1746.10522427051
8923,880.72,875.833306143861
8936,1010.69,1090.26378244465
8946,1301.71,1328.96152474923
8984,2247.07,2220.30209175633
8998,1739.84,1637.49069856548
9011,3678.95,2517.30873358797
9013,565.13,592.568856288628
9052,1103.56,1246.21524971965
9053,941.48,1031.7527592322
9057,570.81,786.123213220897
9078,900.29,927.998652107125
9090,1018.03,991.651611861665
9099,2867.12,2510.65077325713
9100,1673.46,1668.64980843986
9101,915.13,861.081889440315
9104,1627.87,1411.45861297641
9119,738.51,701.042927494022
9122,781.29,805.652732098483
9123,1103.35,1343.82648256767
9140,1627.34,1533.22854298982
9144,545.8,581.659508547035
9163,1546.39,1439.71879458093
9193,891.21,1361.44751719439
9196,1690.94,1769.76344478516
9216,2455.1,1980.79736984652
9219,1207.32,1260.93976645179
9243,171.98,262.227626614449
9257,613.72,579.466227443766
9259,875.29,984.696319896773
9268,352.16,383.017121538751
9273,1878.12,1348.98457660922
9279,1218.03,1398.74621687287
9311,1448.74,1285.43663579247
9323,1138.14,1532.94220500709
9347,1311.32,1456.64461120785
9392,1996.53,2190.27958235962
9468,1051.53,1081.54210920048
9477,1729.59,1327.75576800933
9494,1903.31,1891.71413624339
9496,1446.56,1233.62796864733
9521,857.09,909.030532004224
9522,1849.03,1738.21394796579
9527,2250.85,2424.73324241193
9542,419.87,327.729151556272
9555,2291.55,2054.74323934495
9559,1533.5,1743.56767628642
9574,577.36,647.874780024022
9591,729.6,854.681077430209
9595,1453.44,1364.35018662414
9619,232.22,273.41343581122
9622,1477.47,1514.71082164168
9632,1990.33,1415.50999069121
9645,2106.89,1859.17376192932
9649,926.02,927.255635123436
9672,2601.42,2082.88248999624
9674,1121.22,1187.6366273827
9677,1030.35,941.910234509028
9680,1804.18,1830.42426075244
9682,2078.8,2053.67583160382
9683,1714.98,1815.44565798344
9731,2388.38,2661.54009602717
9759,1084.39,837.072195828266
9760,897.72,1299.46268565973
9779,1054.74,1021.11002767832
9822,1508.67,1378.76350332206
9838,2113.32,2493.88222627841
9846,1615.28,1203.95061229688
9852,2250.45,1997.26254944043
9854,1312.11,1491.84774146463
9856,1044.79,1413.15286843104
9864,701.86,625.670646379889
9885,1541.21,1228.51006901304
9887,1284.69,1331.60801829255
9889,876.57,811.997669151543
9894,2615.52,2662.94196266659
9899,1045.99,1056.39844218472
9920,2177.89,1649.02923084427
9923,891.42,836.137610023526
9933,918.14,917.232889536325
9934,980.57,899.265474031088
9942,1183.03,1066.2683842471
9949,792.89,908.569730491757
9969,1479.67,1515.63478036737
9978,663.13,686.911509135271
9984,435.74,655.847371981247
10001,2153.5,2299.71597082658
10013,426.66,354.676538421779
10023,1452.85,1794.13296744147
10027,116.43,104.285058745266
10044,1121.72,1228.47275350241
10064,500.66,459.37282151085
10066,1329.85,1421.27548292752
10069,257.45,391.009158565644
10138,1567.18,1402.66705266602
10141,883.9,1002.06230508127
10153,1516.75,1597.3333791938
10163,231.29,323.671584052432
10165,3044.36,2669.77788880655
10169,934.41,1396.19058413522
10170,1093.03,1350.34643288544
10181,1295.16,1150.86387555395
10182,2015.99,1537.58990927481
10185,1833.05,1855.36308520701
10199,668.49,518.266060288392
10212,950.68,1363.29133676826
10217,2703.59,2492.10676245839
10219,65.11,225.455865691773
10261,1244.45,1552.41326661972
10265,1017.09,1061.7599529591
10293,910.91,1209.08632208381
10294,1123.91,1146.42193635152
10298,2038.67,2595.85638336084
10305,2794.07,3092.64913506285
10307,899.95,981.360750004955
10317,372.73,450.436879440601
10318,769.95,716.463602984578
10331,976.6,834.818411310742
10334,1635.49,1829.49559375278
10340,2239.5,2178.17410699927
10354,1850.72,2232.31749386796
10356,1490.21,1556.63810920239
10366,1101.97,1049.84357195985
10378,748.76,907.857865305296
10392,1988.14,1945.03463514714
10402,2281.62,1548.27856588507
10407,1255.34,1351.44217344628
10411,1277.92,1336.82944620154
10417,2529.49,2689.60424383497
10422,814.92,800.715119779894
10423,441.43,537.552905374426
10424,399.54,371.132960331714
10460,3094.33,3313.62505005712
10469,410.01,420.313361735906
10479,1315.2,1292.47385177874
10482,1909.61,1786.08745315092
10485,1548.51,1858.39770339342
10488,1161.12,946.863498191565
10509,803.6,681.329109297998
10518,1007.14,1116.37323494442
10519,943.36,758.522159002799
10520,1626.37,1872.83957302544
10536,1917,1846.10568716108
10568,2001.14,1761.49068727681
10580,1650.04,1986.05496389349
10583,1265.37,1300.30335337958
10597,714.52,748.942426720276
10606,1562.24,1842.48669318747
10610,2672.32,2799.56287843499
10619,1360.26,1105.90629121888
10620,1098.79,1100.61327138402
10621,2567.51,2683.04019447133
10654,232.87,361.577234658005
10660,1929.02,2040.91796873746
10663,4071.02,3234.38550257818
10674,1019.82,983.298472925418
10688,1989.61,2025.44403213238
10707,1267.33,1258.96276386026
10711,938.21,1461.39986402957
10715,1714.3,2263.03241708498
10722,2430.28,2296.66926510193
10723,1681.3,1845.48464090564
10726,935.12,986.035264798221
10761,1522.77,1457.87764692998
10762,631.49,781.284310592592
10777,1307.8,1429.80760317154
10781,803.4,1355.56940260097
10803,1634.17,1321.59613613967
10812,735.81,870.613749889255
10820,529.12,476.883385892264
10823,639.53,980.134751959707
10835,1595.06,1581.62411075245
10842,1372.45,1566.00009720682
10843,1978.35,2243.13589166658
10844,934.42,1062.81411610188
10857,418.43,412.084640743562
10863,1522.55,1418.67994181053
10885,1750.75,1189.75665932709
10887,946.78,1167.14646069242
10889,1965.9,1696.90907348938
10905,1322.01,1298.90834104277
10924,1254.3,1231.92287303014
10928,1177.66,1275.1667450203
10948,1483.07,1124.02194246614
10952,1843.32,1568.44385422977
10978,1854.13,2060.630303409
10982,1055.87,1165.38895880633
11005,1016.06,1079.33449100172
11010,1002.67,978.063899086409
11011,598.42,589.927722705305
11034,1335.66,1284.51415874056
11043,898.71,915.668990502493
11051,2162.43,1416.69965126433
11063,3495.98,2467.77473939249
11071,2101.29,2686.22289906347
11075,1095.44,999.901480374719
11076,879.76,964.265254346341
11089,1278.65,1210.13612006361
11091,2025.58,2008.27333746006
11150,1304.72,1046.39883139981
11151,1317.44,1534.80645727269
11156,135.57,173.853550406799
11162,2889.2,2013.05445658412
11166,1652.08,1529.35364851089
11213,1469.02,1104.93309782707
11231,2688.25,6486.4326894565
11250,920.49,1437.61874162438
11262,1630.25,1340.19355166604
11263,1508.82,1308.29262743419
11265,1305.34,1124.65572991953
11266,755.72,974.989036713307
11281,297.38,296.60791520437
11298,1190.2,1028.36503071275
11308,983.52,1088.23951200061
11311,1925.8,1530.39453358911
11328,2566.63,1675.40179822881
11336,2024.05,1628.68670874219
11340,1076.67,905.456899735035
11376,1934.68,1812.11423718956
11393,1701.91,1596.28277878352
11405,1790.39,1257.07203884433
11416,627.8,832.845488913314
11425,2031.84,1540.35729273239
11432,1636.05,1418.01917340656
11442,1167.48,1205.93629816816
11446,1126.96,1162.51056041624
11447,2790.59,1930.2760337432
11462,1243.85,752.976247100629
11463,1278.45,1569.86947931214
11486,787.9,867.003357985789
11488,3881.15,2534.02568256108
11491,1676.94,1679.85717014308
11496,1485.04,1380.65998573787
11498,1751.6,1276.335382915
11503,2880.19,1879.53276990011
11511,1785.97,1632.22770992478
11516,2744.24,2406.06037077852
11547,681.61,677.228590903818
11548,1839.24,1353.3227988907
11569,891.83,819.337556618847
11590,1069.48,1463.39408704619
11598,1800.11,1713.34302550918
11607,1739.36,1356.20441514478
11633,1319.6,1594.62934382786
11636,3061.23,2995.66096838704
11641,2156.62,1822.59780250688
11666,670.51,922.070416369823
11696,207.96,156.645808509613
11724,1718.28,1471.67547973438
11742,1063.92,1120.80857593335
11746,1406.23,1371.54955603616
11778,538.68,517.014722428847
11790,895.54,762.33288255208
11800,1012.71,1117.79986455546
11805,910.58,1028.10227893567
11830,562.84,864.340360830871
11855,648.05,698.605183896403
11869,213.29,242.061273183897
11879,428.52,729.429806026934
11881,1953.63,1848.01407723536
11885,1610.9,1531.55576283806
11924,1045.63,1037.05453757149
11926,993.86,982.826532835398
11935,1130.24,838.308848983164
11952,867.26,1614.34777251579
11959,922.11,1316.62646915401
11971,639.12,874.032694795752
11993,711.2,723.332298315077
11999,1373.57,1558.60405095669
12004,873.51,1084.97454688368
12039,401.86,440.657717607258
12040,915.78,1026.80288626098
12063,2678,2755.0798037638
12074,759.69,723.781776534761
12083,1730.84,1470.40948256113
12100,1652.7,1656.4288787388
12106,2011.39,1988.71022842853
12107,2183.89,2153.58652105087
12110,998.79,740.067867564426
12112,1342.78,1382.51132692424
12118,1710.3,1731.16537423465
12128,1028,1700.98930752354
12148,2564.25,2567.68000105622
12195,363.61,471.09111307202
12206,1812.94,1449.91279861998
12212,1186.48,1246.80823561561
12219,2650.97,2701.04229892212
12235,1889.16,1877.26852860682
12238,1442.91,1329.11256892203
12245,1230.27,1291.2072248487
12250,1679.59,1466.87852861586
12251,2618.14,2069.48428824425
12255,2722,1878.12987420207
12266,1218.73,964.247098615389
12271,1719.82,1398.63241085389
12277,1316.23,1681.99242424254
12283,1093.55,885.477973253214
12295,1108.42,1173.25830397155
12313,1664.93,1492.03492688919
12320,1392.28,1499.06077598977
12322,2056.33,1740.25937582618
12329,2175.36,1889.13013411061
12330,1434.1,1441.54226013135
12336,852.96,857.774787718678
12346,975.34,1179.84062244103
12359,1356.11,1457.5250074929
12367,2954.29,2154.39386459429
12384,1779.72,2138.61543325322
12395,1764.51,1887.99950149146
12412,1790.18,1636.430999118
12415,1698.6,2046.20874142867
12420,1553.26,1619.95416636609
12449,1076.6,1482.41113326049
12461,491.43,669.915258999094
12466,174.96,232.845457220039
12477,1152.44,1291.12657547669
12493,1359.03,1437.33101954929
12524,1250.83,1574.58560160504
12539,854.79,772.869028301797
12564,2767.67,2511.23102757636
12567,921.27,1062.65076343097
12574,1657.71,1333.08635753034
12597,2260.2,2139.67485705866
12623,1326.63,1313.09664047211
12667,979.95,1114.02075556399
12676,1018.34,1325.79956809552
12688,3100.05,2871.14609759572
12693,2697.35,3075.73987710068
12694,802.08,966.460252611482
12698,990.52,970.768851734326
12701,1103.67,1351.02959842922
12716,943.11,1095.33924288087
12741,2072.63,2103.70559812542
12743,2138.23,2140.72757281968
12749,519.6,659.704679403446
12758,2555.9,2511.96889366082
12774,1930.01,1971.75643214882
12783,2329.95,2265.8353608532
12806,832.01,948.12014468068
12807,613.65,633.805167280311
12820,295.97,332.070028068817
12821,1542.93,1680.34701564258
12829,1203.66,1235.91839008715
12857,1728.56,1412.34695072328
12860,1853.38,1519.98994985951
12865,1884.64,1934.08751363431
12889,1012.35,1008.11490813088
12902,1286.98,1293.94739745361
12913,1415.59,1421.65369062252
12917,2732.35,2749.14564828196
12968,183.14,296.279994654011
12975,1808.57,1388.71886504058
12982,1088.37,1214.6372767701
12984,958.46,899.549693552406
12987,1283.75,1248.97372055979
12990,707.72,774.664384985664
13003,2318.21,1728.49637087727
13004,1092.62,1244.18481321452
13018,756.44,853.148923936923
13059,1245.03,1533.80929259592
13064,1911.82,1915.33616415979
13082,734.46,784.313279933525
13096,1554.94,1879.94708637283
13098,934.61,1012.17140939661
13103,1765.36,1689.76644143097
13116,1206.98,1017.08225784773
13122,4161.55,3708.46786421255
13123,1514.85,1540.86551483001
13154,1018.03,1156.35569648415
13157,226.34,262.833939100442
13179,955.18,890.308806516833
13182,1134.87,1367.22656871362
13189,279.01,385.568050294512
13207,552.35,683.939791637147
13214,1569.34,1318.77022619985
13216,2128.59,2233.890864457
13278,2400.35,2207.95002244922
13290,1640.16,1729.12567535972
13291,556.27,574.691313624505
13320,1283.02,1204.12003310745
13327,1156.91,1045.41933167692
13360,2102.88,1589.89276545874
13363,2964.42,2477.42456947431
13383,2990.62,2681.35237812041
13396,1189.4,1047.8014701853
13406,1131.8,1329.79304504311
13435,2462.33,2465.01567517742
13488,1392.78,1337.46047746504
13500,1998.72,1782.66365912843
13533,1466.55,1490.42915148922
13548,1336.02,1444.68058920555
13549,2689.97,3348.11943959887
13566,3041.02,2347.03283767325
13580,1035.13,1004.18184746691
13598,2684.72,2325.92664079749
13601,1124.23,2952.80891738103
13609,1876.08,1716.92876119781
13623,1667.62,1508.55654653032
13631,1011.63,1186.6919324884
13633,1033.81,998.33991907014
13666,716.61,498.622330443328
13669,279.18,369.961423902224
13684,190.96,307.012764405358
13687,1082.3,1137.12381767933
13690,697.11,702.356620498291
13697,2432.87,1563.83760270976
13714,988.29,1085.57420009152
13717,1755.01,1758.17451680032
13720,1600.11,1807.32672687705
13750,765.53,824.346106717707
13761,1446.35,1838.95172162478
13787,2387.63,2673.07131170116
13793,934.19,1299.69679135623
13827,818.7,968.182410896944
13831,900.92,878.794293200378
13856,895.32,1163.69699751318
13890,533.87,559.42392646067
13896,885.240000000001,948.96078183966
13910,43.65,21.0499999999996
13914,1941.49,2217.07425897268
13966,1518.12,1402.22330065359
13979,944.43,1066.63670368285
14028,2466.89,1523.51060893372
14047,322.37,391.337557930894
14069,1091.51,1139.35053008675
14077,1597.7,1780.79211667438
14081,1006.08,825.963123857968
14082,2448.26,2731.19168725658
14100,1259.38,1761.38563938508
14126,1264.01,1233.37107759555
14133,1950.67,1526.70828628017
14139,2824.37,2146.35280857743
14147,707.33,742.9175158904
14150,1074.34,781.330512834552
14194,1559.23,1509.01290608866
14195,1885.66,1738.94101747522
14207,883.36,1654.73105452276
14209,1073.79,1381.80050783765
14231,745.92,864.523181134867
14235,2711.29,1823.31466115835
14240,625.52,795.014643169635
14241,1729.78,1688.80116468647
14243,1873.31,2059.74359331699
14268,1295.1,1105.60477177774
14340,308.74,390.81145594892
14341,682.19,692.666788528953
14372,1409.52,1463.25474084694
14376,1090.25,1091.79407015426
14386,1062.35,828.776981465117
14396,979.72,788.752573280809
14408,1695.49,1634.90479895886
14419,2932.29,2688.48380750556
14423,318.89,274.980440622472
14427,1609.3,2086.35441129394
14455,1665.37,1328.2361289577
14471,1020.14,1363.86173153037
14478,855.41,827.617813878021
14491,1907.99,1771.78841376818
14500,1921.39,1083.82268187211
14502,635.19,570.517089681513
14520,493.83,479.389962818254
14523,650.17,631.490144373904
14527,968.29,995.895074478537
14532,1063.43,1090.34515267216
14538,1921.31,1856.22925198669
14549,280.49,403.141457208309
14560,1801.97,1860.45370094325
14563,920.01,1182.88562452588
14569,1761.67,1147.90402543618
14572,1376.65,1649.90437506699
14573,2028.39,2253.89650970574
14581,1641.91,1721.46966382039
14594,1184.67,1207.29330587296
14614,391.54,409.457302515626
14644,1614.95,1605.47850736509
14668,2559.07,2577.00995957913
14670,1755.73,1267.29725467614
14673,1350.73,1362.22418968982
14674,1220.69,1497.41468997056
14690,1985.4,2107.88327580494
14713,2187.12,2300.0557492704
14722,1015.05,1022.20293018169
14725,801.34,836.856522725914
14736,592.37,638.042463024754
14756,1095.71,985.472315282056
14758,1328.17,1226.14449904718
14764,1905.4,1976.39947638285
14805,1513.77,1562.67009172296
14809,1308.62,1541.50930425121
14829,2006.91,1751.86151112971
14840,344.51,423.525583538523
14846,1670.27,1214.81715758857
14851,2428.5,2259.40011028655
14869,2343,2053.94455150519
14898,11.32,5.52597947482647
14910,1172.43,1232.42254811299
14914,1491.26,1516.86311682635
14918,1525.17,1645.17379985922
14945,1628.06,1731.08057466147
14958,1481.4,1681.56388449057
14972,1223.62,1257.12304482766
14982,746.02,686.342204233304
14984,1662.04,2054.42248867378
15000,3125.44,3306.37841507235
15018,1114.98,1567.9683961036
15021,1647.34,1869.80361016829
15031,1694.56,2159.17034829835
15033,1522.76,1621.38612859696
15034,863.78,998.011919545417
15041,1112.8,1214.12816576505
15057,1454.71,1622.36225833391
15066,1731.51,1270.73784357626
15076,1710.93,2234.13753649034
15077,1856.51,1500.22378921394
15080,764.33,793.742996867964
15116,362.74,480.16845135496
15127,1423.91,1408.76633526741
15146,1686.23,1962.19448206876
15148,814.9,1114.41311169775
15149,690.9,877.710370817181
15159,1041.42,1301.2019994099
15173,1037.68,1128.5357494883
15185,1382.68,1515.68794416334
15211,849.07,921.081044654623
15220,889.37,1055.08982744914
15225,630.41,619.926760752613
15233,1696.45,1493.58932117639
15234,95.81,155.077889098583
15241,275.64,496.42463695401
15253,1016.12,1056.63926481973
15270,898.7,925.050390635136
15288,942.96,1062.46192956678
15292,759.15,693.223961014611
15296,1334.44,1514.1178850843
15308,891.99,922.003732720966
15321,1245.49,1202.78957829516
15329,295.91,305.247302345473
15333,257.9,162.750229776158
15379,287.9,265.316178262368
15424,280.54,371.614364934782
15434,879.17,1010.24093610279
15442,1504.33,1677.65125703044
15443,1742.42,1768.85554175758
15485,170.11,214.999432344248
15510,429.78,547.891094555961
15512,484.72,777.939669695549
15521,245.35,267.252140467716
15522,1198.28,1110.28535405348
15535,605.48,682.198849264494
15553,916.2,1153.42561925869
15559,1028.73,1282.08678708841
15563,67.6,43.2424630515091
15587,2651.31,2862.09600712793
15620,1640.72,1305.21709159242
15640,535.92,675.514485306547
15643,185.77,195.328690656473
15644,947.91,951.396979576637
15646,389.04,432.501599867835
15665,153.3,165.620382223808
15669,603.02,782.921948521023
15691,441.41,721.297031094509
15695,2668.27,1434.62957802735
15715,1827.59,1778.83021193799
15722,968.5,1147.145690981
15735,641.4,791.849449221159
15743,926.97,942.693065596313
15754,2794.15,2592.93199042172
15759,936.96,1031.2113073959
15761,1471.96,1766.50283675842
15772,1382.41,1588.68913095252
15822,953.12,940.240779545018
15829,1075.58,1054.66378344802
15832,977.26,1229.26903768576
15834,2800.98,2513.02050158803
15836,2094.38,1854.77176832144
15838,1559.23,1695.36468713521
15839,1140.81,1653.43619963928
15840,1065.09,1280.68586061956
15855,1449.31,1604.8150792216
15858,1741.13,1847.63465413841
15859,1299.37,1503.25097484261
15867,1644.87,2023.44046930466
15868,636.12,1179.40326304903
15898,937.39,1369.0465076514
15933,236.01,341.675155415826
15944,954.35,844.173298648165
15946,1749.4,1980.14063460678
15959,4171.19,3722.67508662807
15963,163.63,197.492573523919
15971,417.56,490.992310103044
15987,559.01,580.959684903129
15999,238.43,213.115752968103
16007,587.22,662.099837053896
16009,2901.53,2276.57537367312
16011,577.8,788.213551767249
16018,1251.19,1506.40791105315
16031,187.31,157.290877292881
16040,973.01,1155.30116381507
16061,630.92,592.217174533784
16065,543.39,556.009393398977
16086,943.8,1211.70271625636
16091,1018.7,1293.03954666155
16097,792.62,880.067107750001
16137,883.21,1006.17382343549
16148,1771.18,2144.49106140177
16152,893.24,1178.26781795988
16170,876.24,891.763126409249
16180,198,398.821225136798
16184,2264.45,3068.50762704774
16197,1823.59,2147.31853095674
16199,1281.81,1325.18845407201
16205,1607.54,2100.88395324639
16214,764.42,821.26242639145
16219,817.68,842.142249528032
16229,871.06,1037.06410970154
16238,2462.64,2454.23193991953
16239,470.02,482.426324219436
16244,2237.78,2196.64764690361
16245,2010.8,2223.44357124102
16260,1355.34,1480.37165941557
16264,1077.63,1008.48744311944
16273,2007.52,2041.25835865489
16296,1029.5,779.589527767475
16303,1507.59,1701.59469009127
16322,1289.48,1413.16148287104
16327,1054.27,1195.15304428422
16345,900.49,962.044440855241
16349,1136.92,1206.01578402007
16357,1556.19,1540.08799845338
16358,706.42,816.318132864746
16371,756.68,793.316410568813
16375,1125.39,1279.66025416386
16399,903.33,1110.42382727925
16400,1166.48,1378.77706859965
16401,1372.18,1483.41595549945
16414,1170.87,1149.57556304323
16445,886.98,888.681429155108
16462,2643.18,3219.9565961089
16463,1826.55,2227.38076241148
16468,1051.07,1454.86609552083
16479,1350.45,1547.26183493341
16486,1596.56,1727.01690440739
16487,895.99,1209.94620889278
16494,1290.83,1685.68519275921
16505,1363.57,1492.66374583641
16516,1523.6,1567.42254720983
16537,837.78,1030.71849369054
16543,1733.03,2379.17270863553
16550,2073.74,2444.55636011087
16563,991.16,1319.90022931329
16564,293.76,288.402085024434
16565,2843.77,2734.31501127848
16566,813.64,1112.28228637307
16608,1209.32,1515.62971432778
16612,336.29,303.134716974548
16630,1417.3,1627.77111597315
16642,672.97,777.290425595503
16650,103.46,311.295295177019
16678,203.04,240.654634001381
16688,455.74,353.952211063165
16693,165.11,202.777707364349
16700,859.77,1405.14071844738
16739,246.58,567.141339134635
16762,277.19,331.557488397596
16773,104.17,141.618998271777
16783,1300.08,1400.08290667976
16789,756.83,763.77642449058
16803,801.24,1016.52137011337
16812,320.19,311.789752917909
16845,1546.98,1044.82936925858
16862,390.81,510.293358289804
16863,363.47,438.760844823972
16869,59.3,167.856238094108
16870,136.94,213.490955985308
16873,1234.91,1263.22044946938
16875,1572.44,1619.50878041868
16896,308.36,341.729034074012
16904,1413.96,1703.18022794827
16906,492.96,403.026592019831
16912,1778.03,1821.87533485678
16913,870.96,868.724524171162
16918,876.6,873.158193746616
16919,1716.96,1355.83180508929
16924,331.72,316.939543694507
16925,378.26,350.675299874129
16926,1103.2,992.448368616988
16960,679.48,721.347295524858
16962,468.13,1929.36767912401
16967,233.07,202.657809280773
16968,378.97,497.818694676428
16972,772.43,834.299680739555
16982,247.79,241.350906276312
16983,735.51,882.596590131277
16987,1483.6,1583.67148242156
16997,194.84,188.029565869821
17011,768.74,849.462210713022
17018,1827.42,1914.34173784818
17026,966.88,1055.3376223033
17045,237.12,237.959434242548
17058,325.86,290.793295892503
17065,904.93,624.599072578211
17086,1082.63,823.761458563597
17103,1174.65,1281.97407860334
17110,415.78,416.847704847874
17139,482.47,661.22737216994
17191,168.28,278.631177682567
17194,2161.61,2291.62220014688
17200,989.26,897.622062700732
17208,473.03,170.125509549167
17224,2241.36,2486.1040416838
17240,475.71,517.678158525318
17245,807.01,1085.29980618799
17246,991.15,1001.02584628759
17259,161.42,164.015855364724
17263,323.7,550.620542530266
17266,1966.08,1608.29048676075
17280,525.65,522.126291258049
17295,359.7,577.226522295633
17302,188.45,131.489613852946
17337,472.03,354.974873250737
17375,964.31,2123.41744119747
17380,265.26,304.812780341964
17382,561.08,617.062085018451
17392,333.79,495.478235618126
17393,327.55,398.799266733791
17394,333.78,447.775284313627
17398,1566.28,1149.12956162948
17424,250.33,402.33383674326
17428,915.21,956.195408659355
17440,179.9,177.631566987379
17468,122.34,108.071969063544
17478,2659.34,2629.89085646954
17487,221.19,240.460758589406
17508,307.9,411.074325290066
17523,696.31,752.092357088629
17527,464.92,489.39633090201
17528,995.04,1613.51436717979
17534,118.55,64.4878725990368
17555,201.46,233.612800401116
17560,1497.11,1353.41071756196
17574,320.43,811.921526062295
17591,738.23,982.726775305352
17592,669.15,647.285071450264
17595,819.94,971.797537633024
17618,287.81,395.352565034403
17649,254.01,255.032301974713
17668,285.4,281.372900836621
17678,431.78,460.346695387363
17683,186.24,177.906006562401
17692,374.17,496.030598956767
17721,851.02,1042.72090652591
17730,430.59,423.964036171753
17732,1670.7,2053.83872387466
17747,151.05,189.627627952715
17755,1101.92,1150.62671101761
17756,478.54,537.704011540239
17774,1031.24,945.09068289049
17780,782.01,758.622545770475
17785,629.72,573.713581899495
17791,650.92,745.702058726022
17799,2114.89,2126.80245812097
17803,1876.26,2257.72963946603
17810,677.37,924.935411048675
17836,481.9,417.143884890997
17838,268.57,270.686555636311
17840,476.17,542.161117571934
17842,456.74,576.263948242914
17859,969.75,1520.03754048735
17885,225.67,242.123948079319
17886,330.94,274.654325441843
17897,188.67,232.134756781294
17904,1135.92,1199.9872712168
17914,1008.5,901.575083613147
17926,1157.97,1109.94308216038
17928,744.67,973.842534135648
17942,1643.53,1662.91543477748
17947,291.47,351.471362433721
18012,983.92,1084.43282990586
18015,111.36,158.326827993289
18019,715.48,737.432514905982
18035,1105.16,1279.90569332868
18037,532.8,708.98424041561
18058,2024.48,1938.47479056053
18062,633.94,632.359578077431
18075,1377.84,1352.7552871514
18081,869.55,1064.65614091701
18086,344.48,376.496195872117
18099,320.87,333.134443246065
18110,589.34,300.332778230105
18111,799.78,357.368132083204
18114,291.58,311.394908724253
18122,239.6,423.575318556047
18129,215.54,286.875508965534
18153,1115.24,1065.34763386191
18160,1270.89,1287.69082456024
18163,1519.9,1547.7899747034
18175,380.72,421.743965860965
18206,2013.35,2365.19084620301
18213,122.28,120.899165716498
18218,475.88,433.459570871077
18227,67.76,70.1603092125025
18229,234.11,1285.62073954937
18249,2587.68,2785.5921701859
18269,370.32,366.519388170199
18295,884.66,861.098730447369
18308,192.26,199.488965267057
18321,978.18,1198.8359139777
18342,191.77,238.157879147131
18352,2589.47,2317.20033461137
18354,1978.22,1906.69917631257
18367,2083.79,2063.68764832551
18375,668.33,930.473804246614
18400,588.97,619.483418341483
18401,1055.17,1289.06245668473
18409,586.21,660.900341160734
18414,864,805.446315447517
18448,2086.86,2321.99707478877
18459,202.72,351.856402391197
18477,1630.27,657.760178383761
18486,2021.75,1807.99333492436
18487,967.919999999999,1132.01676677611
18502,181.75,234.041849066195
18512,1677.83,1704.70264757524
18514,1688.97,1353.99467728845
18530,1070.22,1085.79368248747
18553,234.29,272.688306108998
18555,416.14,428.910978203473
18577,236.91,317.551164756941
18592,128.3,137.147305510005
18602,346.79,305.500949342011
18603,1139.33,1219.04492232817
18606,210.7,212.059663609802
18635,731.99,598.641631563678
18641,1560.8,1146.84123041815
18656,235.38,445.490759948464
18675,106.4,161.513051798026
18679,803.08,886.638603460044
18682,1202.32,1152.81482097179
18686,417.21,461.551245726609
18703,392.54,358.544043828329
18710,702.69,449.909385935598
18723,881.88,1074.88011104635
18724,631.53,737.977869137558
18727,287.85,324.552320765297
18737,148.65,140.634058125328
18744,640.37,550.642168899015
18758,748.87,1039.77829054727
18770,3303.25,2539.97632650328
18822,1295.33,1545.40239795551
18828,1026.25,1187.81083143265
18836,735.7,802.926422584722
18845,1080.21,921.558608160013
18862,1615.14,2566.85040632225
18876,877.94,992.941041898677
18884,2440.38,2567.32168113781
18906,1141.4,1176.02870473966
18907,2749.51,3120.26321816497
18910,813.56,848.223113922181
18914,530.62,591.82703131961
18929,947.78,953.750272789937
18947,1310.89,1404.03152227205
18958,1111.16,1054.18583742054
18968,1014.6,957.210578401333
18979,1504.28,8140.32281366187
19000,1311.97,1280.51702231632
19005,1407.11,1571.38000485997
19028,1368.8,1741.2360717574
19047,937.45,741.174954141472
19051,1127.81,1258.0247309874
19058,861,944.820349954368
19091,1394,1387.27962498308
19102,1769.67,1801.91623658071
19105,2201.43,2469.63521361631
19143,1196.19,1234.73151425463
19145,1666.9,1673.62922801939
19157,1749.73,1743.6569388075
19158,2022.5,2406.58028656669
19224,868.15,990.919943830629
19235,1865.46,1407.69051747803
19243,437.43,494.777082303238
19246,2727.65,3282.44092355301
19257,2157.4,1839.15403155698
19269,1008.25,926.66677994238
19275,878.23,1019.43657796739
19296,269.52,324.92683217493
19313,3001.32,3605.96041079095
19315,2327.53,2062.60697208381
19323,1900.45,1771.81737923174
19351,1954.94,1806.96999639065
19354,1502.76,1502.23610386278
19356,1097.38,960.794665175158
19360,333.6,766.058994511522
19368,241.89,302.1801526614
19373,1218.31,1098.97128922682
19389,1834.28,1924.69232991348
19391,1056.25,994.46089413822
19403,925.98,1118.33457648943
19405,1339.41,1205.42061335189
19421,703.32,791.743810993405
19434,1853.29,1698.06264008918
19441,627.05,1054.29175794784
19460,552.16,552.519467735374
19468,1124.08,1116.97852028343
19475,1958.14,1830.00206519149
19504,137.11,162.853723646276
19515,3630.67,2878.55443918708
19547,843.48,1378.40354306137
19556,658.58,794.506263303915
19561,1374.94,1689.6739239914
19567,1562.02,2116.00043839337
19579,359.18,435.921630739188
19591,867.71,872.019446369113
19597,302.54,441.474063268183
19609,749.74,689.54845779503
19626,1069.18,1123.08105371273
19661,509.53,464.553433826872
19665,2245.01,2312.91953004088
19674,545.73,501.730226905531
19677,878.26,874.165802283793
19680,1067.82,1176.3512147908
19690,1494.1,1663.45139534543
19694,413.8,374.615797075958
19728,685.88,559.342144707017
19730,387.17,447.111495298937
19740,1269.61,2007.49921888487
19743,1228.86,1700.89827781727
19744,658.23,686.440521890168
19747,438.22,467.779308432783
19769,829.7,1187.21176416609
19774,1051.33,852.789428614658
19776,1152.67,1565.23974421333
19785,330.99,405.040236574493
19790,1042.36,1567.79370427195
19801,949.28,1116.1321192702
19812,2228.55,2299.47589514996
19819,833.2,1200.87059693231
19838,779.13,748.823331258874
19855,873.09,908.567086672559
19856,884.96,631.047943288255
19859,651.39,597.848931260403
19873,391.42,421.847215552504
19890,1559.94,1752.13073687953
19904,671.95,675.166429617007
19919,509.68,662.345972201665
19943,938.22,1013.03619218867
19946,626.68,801.704578754955
19965,1946.24,1828.86557806267
19967,1530.67,1364.13213045266
19970,1660.12,1821.90297497889
19976,1244.65,1439.46162164951
19977,1496.85,1396.27708096448
19981,666.52,789.090683094945
19999,1047.34,984.804704168023
20005,1637.79,1864.82469614379
20006,2879.28,2330.8667746696
20020,2226.16,1486.16595124384
20022,1300.14,1215.42492570892
20034,1106.4,1306.17145432184
20054,1409.14,1244.03348516352
20073,1397.77,993.496252343787
20075,1965.77,1889.10654177422
20111,620.12,732.192931521486
20112,550.25,531.295587313279
20118,1757,2008.22683969365
20120,297.93,224.527210197169
20122,1051.52,958.150252179038
20128,3239.62,2822.23956915227
20131,2034.8,1756.07555549112
20133,807.45,546.729310943641
20134,1212.5,1369.09478072589
20143,1448.69,1365.50297771222
20163,753.81,728.898756744303
20164,746.93,737.400947810804
20169,148.58,183.854717738151
20173,550.04,536.663776343103
20187,2592.01,2474.9853799233
20192,2303.15,2002.36065792707
20203,1102.67,1022.35177146356
20212,1723.47,1573.22081103311
20228,998.68,941.235852958572
20239,1564.38,1636.49479676133
20253,537.15,476.000312071114
20279,1606.54,1758.23413875826
20294,614.21,645.866247438098
20296,3138.77,3138.38377354415
20301,1429.11,1523.77775827298
20322,1152.17,1512.93752325663
20323,2672.54,2184.10575578586
20329,1452.78,2123.85639701654
20330,1249.01,1641.56736341543
20345,1459.01,1994.34531518691
20355,914.28,1130.70164141853
20356,2480.67,2223.53098389883
20364,669.07,703.566813113405
20374,1366.51,1247.87529374394
20390,2571.29,1504.73160131397
20396,824.72,1035.73258173869
20399,1605.13,1479.62334676251
20420,928.36,930.917540666423
20436,945.08,1021.30514072372
20444,1067.8,1228.58318162101
20446,1105.96,1155.77215598705
20487,1057.98,1335.92884710461
20502,1100.67,1048.3644664617
20507,551.08,900.718254077434
20526,1015.62,1826.16643379236
20537,876.73,1525.6534776082
20549,624.71,698.400442336978
20566,905.05,897.005875639381
20573,1165.74,1161.6864819199
20577,521.74,371.02000710152
20593,1791.11,1910.52861319491
20599,449.87,633.961853585549
20617,1153.6,1053.38285854025
20622,1144.98,1368.5225382655
20648,1920.38,2008.5460900047
20654,1239.11,1572.67034689299
20683,1256.74,1458.46609619421
20715,1482.67,1702.81084762063
20729,597.24,645.828861835719
20750,2679.55,2947.07284235226
20757,1226.83,1284.84534583894
20787,1020.95,1208.51230358644
20808,1718.6,1820.55841493456
20820,1332.53,1490.65412937059
20821,2087.14,2098.44618435496
20861,875,996.971973823122
20870,2252.11,2498.82389419593
20879,3717.03,3699.6249870259
20920,1632.51,1495.72419460009
20936,1043.61,1039.44384713609
20948,1250.16,1409.63816724639
20960,1563.74,1327.84131200613
20971,1161.07,977.532076328744
20972,465.32,724.620398273439
21014,3718.03,3736.57249834567
21020,1467.59,1458.63673861528
21022,1078.91,1189.09566258657
21024,2139.62,1868.31806159568
21039,880.15,1110.48278486757
21049,3199.4,3199.04251126437
21053,1564.31,1654.83779924951
21093,1352.33,1383.7315490512
21094,579.52,729.318304802962
21107,960.750000000001,968.021748177062
21115,1244.85,1628.28371578688
21125,1094.45,1245.11107988818
21128,255.13,250.132848501448
21132,1740,1777.75035227983
21173,788.02,839.424881376983
21176,2154.78,2053.10807918067
21182,967.85,969.47077378228
21192,2237.99,1999.33225465032
21194,1834.32,2365.61677712361
21195,935.06,1204.10025590527
21239,1161.91,1651.72184239678
21245,926.27,1320.76642658598
21251,674.66,542.248981236597
21259,862.53,704.144944541026
21262,1487.92,1460.58854606701
21275,311.61,270.039189156347
21287,483.02,419.327891535975
21318,305.07,289.416766966076
21322,1184.18,1321.73384655479
21333,859.06,1021.20651228415
21344,267.68,351.889794786232
21354,756.78,750.330135381101
21357,1012.54,1061.4880340709
21373,304.48,386.375007350996
21382,618.82,434.901955132261
21417,2336.11,2475.59988231561
21427,1542.22,1925.51410544859
21460,1729.56,1932.24550964598
21464,3149.25,3854.21702585745
21466,1929.37,1862.91299783332
21470,736.12,1054.37362959125
21487,978.62,1574.13172400512
21491,2087.56,2074.53011984685
21492,1096.45,1420.48361500757
21494,899.43,1221.4850414876
21506,1960.33,1888.64853654313
21535,707.68,643.439939376249
21540,1526.32,1662.9386477051
21557,1714.11,1810.48908617764
21564,2052.74,1954.6918562184
21579,1177.72,989.266910218109
21584,1562.8,1530.20968625389
21599,1202.38,1208.69515253038
21609,674.96,712.137845071123
21612,888.3,1076.15991385852
21622,1004.13,1031.98060875632
21639,952.34,975.750882073265
21647,1203.61,1170.97522423231
21653,777.47,464.520063293701
21660,670.38,629.747370724747
21685,985.38,1089.50777599134
21708,555.31,506.566327870827
21716,1860.1,1841.79971439792
21732,1873.3,1988.89782805924
21733,2859.51,2369.04894476189
21764,2566.68,2278.12568266105
21802,1343.84,1579.09823994462
21808,1996.9,1673.40974892718
21832,828.66,883.171732603732
21854,1792.64,2195.35802885013
21866,1900.12,1874.94623206958
21888,514.4,628.601790580373
21894,501.95,530.676381480138
21901,1522.74,1786.33501567166
21912,855.24,1059.52608559141
21916,1345.16,1459.04429649675
21923,326.88,393.378346878324
21925,566.42,748.948109625049
21936,1553.14,1968.12876146464
21945,1824.01,1964.82228820503
21951,1920.92,2444.18938399689
21956,1583.05,1620.66744453774
21970,434.03,441.237667530719
21983,3262.94,3359.91284048704
21986,1188.85,1366.10193457778
21998,1025.26,1038.3051675206
22035,180.04,171.792564496596
22056,746.08,889.947673187496
22061,1046.68,1050.10194190987
22069,731.68,898.15242763696
22091,630.65,632.104935393286
22093,1739.67,1735.81729690109
22096,675.39,1087.78722047579
22106,1029.94,1199.61676389297
22128,1000.35,899.195954634977
22130,606.47,561.535524695474
22138,680.5,978.81962646375
22139,1607.6,1537.21157511265
22142,112.74,280.012827285818
22157,1910.68,1857.17719934505
22163,920.41,815.097736138707
22177,1027.04,1249.56091862177
22183,1392.12,1140.194011169
22204,1628.81,1432.16706587867
22236,1192.73,1297.34986454091
22239,1508.13,1801.55046006149
22259,706.53,643.769382107125
22272,1636.58,1722.89698289681
22273,647.32,821.613207365147
22275,1581.77,1139.02266558313
22284,661.45,584.403532655836
22294,1270.44,1232.89290256679
22315,1217.54,1279.57018130245
22319,907.06,912.46554829405
22343,1347.03,1378.89799575273
22367,551.72,539.721620163689
22376,1307.98,957.563416869844
22380,223.08,262.414810491942
22381,893.75,960.533245127992
22391,1226.45,1499.77690451391
22395,1669.66,1587.21428502051
22410,582.34,612.095795955273
22450,915.25,1084.78427980859
22455,1379.94,1265.80882298526
22470,597.610000000001,744.875289902611
22471,175.79,216.749176050443
22476,3236,2692.31776032689
22491,648.32,580.642305349905
22496,1052.75,864.662827695761
22506,2324.08,2216.52829123751
22516,2314.37,1613.64872148134
22517,1552.98,1189.03331071971
22518,604.37,630.955486603377
22526,883.6,1290.23039428871
22529,585.59,659.684609856652
22530,1320.96,1336.66956411687
22539,1790.04,1501.53112866003
22541,2820.23,2935.95488325065
22556,1048.55,974.43400847275
22559,941.8,1119.66641886857
22561,1387.31,1160.27268443074
22574,1411.37,912.760182718618
22577,1239.12,804.690901784731
22586,1799.73,1305.26209675025
22587,409.67,460.822141768791
22599,718.37,833.587591699384
22604,1926.59,1979.32771290984
22606,153.59,215.308375087389
22616,609.04,648.170723759474
22617,1145.21,1298.7150851255
22618,4044.24,3732.38134657002
22669,908.73,850.750145528258
22689,1161.31,1160.35184733824
22693,327.87,323.342260671715
22721,862.31,1061.31492759114
22736,707.69,921.885642615291
22737,978.74,1380.17016225095
22754,317.13,295.709354874249
22769,949.82,1078.63085626137
22774,559.76,569.541474977073
22793,548.3,591.198713216227
22819,523.94,642.728990492616
22824,280.12,421.493495878301
22826,1000.19,873.351724537672
22833,955.29,984.292103067869
22836,1259.36,1272.66724037397
22845,1664.25,2108.00081824759
22847,2746.65,2747.9361487167
22848,879.31,929.749766800616
22855,830.6,708.579446910331
22866,1482.65,1576.42874319639
22890,202.69,211.556558851734
22891,662.89,553.848768625925
22900,868.52,687.333850865255
22902,925.58,775.963634008378
22923,1321.7,1453.1565504563
22928,1774.84,1666.4254782331
22933,169.91,200.432019895177
22942,1551.12,1618.80666985726
22960,1162.58,993.605179233505
22963,260.61,272.793314990163
22965,2462.48,1600.98543396636
23016,249.32,220.268446654288
23037,263.83,333.487470795997
23046,1261.32,1028.14408344034
23050,287.75,441.838645460236
