"trip","sampled_time","non_dependent_time","population_time","first_order_time","second_order_time","HMM"
12693,2753.23900008202,1083.04867842851,937.281666984268,990.426633799028,990.426633799028,1238.06960044721
4234,1274.33899998665,1092.01302033244,907.518197078221,1014.05576432131,1014.05576432131,1022.45268917459
12063,2706.63800001144,1092.00974250486,1096.57714656179,1074.18865883748,1074.18865883748,1956.28428086191
10842,1387.25999999046,751.589477413314,985.894963252505,792.856005552953,792.856005552953,773.372535420737
15589,360.996999979019,259.003415870054,442.078081547946,265.082673183784,265.082673183784,234.077893799281
6898,540,1454.92338678031,1886.84919232679,1538.88055132747,1538.88055132747,1056.226849902
936,1484.02600002289,1341.14139218863,1260.93282742034,1372.04152854657,1372.04152854657,785.784619069187
6600,1759,2212.00564386691,1956.40586604999,2161.08810311104,2161.08810311104,2867.93145029554
1651,1689,1880.01029732711,1165.00788226316,1266.3560229808,1266.3560229808,1502.34688745844
7542,1812.92199993134,3158.88513950162,3092.73748840691,2732.73387897556,2732.73387897556,3840.99186562263
7962,1906,1574.42168381812,1533.58783846858,1469.51661151193,1469.51661151193,2014.3368164443
9822,1463,139.100129664004,105.780425195135,132.654803985269,132.654803985269,263.978080356539
10293,904,1477.64967346701,1806.47644937079,1572.70535773031,1572.70535773031,1892.73589950962
14644,1612.70499992371,1910.21460226342,2203.00345155225,1732.38027962251,1732.38027962251,2654.41096508622
14851,2401,2154.88135816239,2639.21934309347,2307.14331247801,2307.14331247801,3190.57826486874
16306,1222,643.706987036685,1374.41817311494,449.006790048287,449.006790048287,700.725961640694
19773,984.03200006485,1629.72402826781,3170.18047741216,1830.88653820835,1830.88653820835,1515.8204386399
19794,970.118999958038,581.505661235637,316.319224819005,639.385846974764,639.385846974764,712.738458030517
485,2589.0720000267,1092.76354134994,1163.30468708566,1181.17514833258,1181.17514833258,1036.95162814447
520,1690.10100007057,1816.5057678665,2301.93755847228,1780.93234600797,1780.93234600797,1594.56079426466
674,2466.62299990654,1169.60603308578,1482.45196867815,1036.79250113482,1036.79250113482,1436.27927559234
2067,1428,1718.61597090504,1940.06059401515,1815.66254425775,1815.66254425775,2199.10415467673
2624,1210.00699996948,1250.77644701525,1621.46837659157,1104.56866912553,1104.56866912553,1419.15284755696
3183,759,2412.93558817783,3305.3430683641,2296.92795953991,2296.92795953991,2895.94169735952
4389,1999,1810.90684533059,1586.66331551298,1576.77898500998,1576.77898500998,2787.6665131269
8139,2769,2236.81562883545,3595.04767580593,2505.05482572875,2505.05482572875,3417.05701334356
12857,1739,2686.32123028257,1920.48743753047,2497.95286659239,2497.95286659239,3601.96316092833
13003,2261,1404.75046653309,1838.63274936842,1533.73442826082,1533.73442826082,1580.89886377213
19445,1804.77300000191,1800.73563736912,1892.72286190852,2125.19180959836,2125.19180959836,2401.09952235012
19678,676.06500005722,1627.53128015836,1238.63190951371,1540.68782295862,1540.68782295862,1639.3184761072
21018,2229.67700004578,1086.58883477689,1497.82878725146,1715.22182930958,1715.22182930958,1669.10696878819
21024,2140.72900009155,1387.97524402432,1545.95838746109,1214.83335826707,1214.83335826707,1106.35846624666
22208,1489,2515.87129427594,2499.21041737844,2095.04455091717,2095.04455091717,3806.77601756566
5867,1176,1564.72353810896,2149.53126022725,2104.32390391105,2104.32390391105,1745.8596211828
8092,1501,1094.93345956148,1572.29690087845,1139.43926581174,1139.43926581174,1256.52208934893
14958,1482,899.433272378964,1259.66379565062,1057.41977681193,1057.41977681193,707.098342961301
22520,1698.01300001144,1676.02429942175,1824.25308828188,1731.3575439709,1731.3575439709,2097.21620752575
6050,1147,1050.27903113939,1116.65216587511,1470.65552159982,1470.65552159982,1014.70911014203
8518,424,2352.39713069948,2714.97501861685,2391.4776807831,2391.4776807831,4420.35245098172
20003,445,1535.87071369646,1084.23343556855,1889.84117417791,1889.84117417791,1056.61549040461
15857,2308,724.123037840132,705.796935424531,816.268098837662,816.268098837662,1098.78684795073
479,2914.125,1614.57697226558,1634.59466738251,1672.18551466535,1672.18551466535,2351.30930545943
17564,1429,568.182277238024,946.027883789084,596.181550486359,596.181550486359,463.739016772941
18826,1190,1269.7076504262,1153.09430123942,1327.26966726127,1327.26966726127,1203.92564940148
16865,991,1581.67747982233,1462.07140156341,1488.24930550572,1488.24930550572,3425.5519879715
5020,1357.5680000782,521.41691239411,569.766305250112,521.004618512302,521.004618512302,358.146714956616
22002,988,1084.23131009464,1558.53822453097,1100.83767583028,1100.83767583028,963.479913972063
11166,1647.95300006866,1480.67070269747,1288.45105186306,1203.85959043318,1203.85959043318,2162.26192569026
14573,2020.6779999733,1812.19860656137,1867.70311660621,1987.1317146131,1987.1317146131,2513.1616943423
20812,2178.21700000763,2005.14018980131,1700.91862894226,2140.23559295302,2140.23559295302,1913.72759130901
5163,1733,982.117618372937,701.632096260782,922.65844848386,922.65844848386,1144.60605503509
181,1270.11100006104,1871.35921809481,3629.81410173279,2040.37678857136,2040.37678857136,2784.33261976043
5786,2452,1692.13016593676,1360.76224114254,1435.89629250778,1435.89629250778,1182.38289970292
9527,2247,1208.47424857047,1036.27934873802,1309.01071854037,1309.01071854037,1513.14778358496
16267,3198,606.821564303646,658.71068192235,630.145687522967,630.145687522967,1315.81719382095
22603,423,1661.01778708062,1436.15683771386,1782.53682217597,1782.53682217597,1343.53768971103
793,1558.27900004387,3544.11691846231,3843.1907691002,3799.96397731157,3799.96397731157,4773.73844574234
4478,1312.77900004387,2228.54232740097,2249.3850878122,2298.94560975236,2298.94560975236,5664.6271853342
3613,685,1614.86052094786,1278.10469562196,1476.84292881985,1476.84292881985,2657.32676382222
2821,933,905.955921717416,1098.94942696848,1085.34645851988,1085.34645851988,1274.91330788029
7162,944.013000011444,1086.40589178752,1113.43982491511,1180.55535460931,1180.55535460931,1316.64947193164
11089,1217.09800004959,589.949338702526,686.325477984875,474.737179515681,474.737179515681,675.302067597902
18849,2181,2644.74539986108,1886.94729982873,2646.11097517378,2646.11097517378,4395.01990253601
12449,1109,2184.27457792516,1827.96779660281,1918.67757538167,1918.67757538167,4860.06006738598
21987,1030,861.808171677161,776.87409030531,916.18025379041,916.18025379041,2475.14755506846
14126,1259,1646.08934859838,2609.31114963515,1876.56404919709,1876.56404919709,2893.8438063841
14147,684,1076.12690016263,1157.63446533986,993.339765694844,993.339765694844,1418.37403166167
19780,1031.78999996185,1880.04253226,1677.1340910784,1934.07280933442,1934.07280933442,2334.31516593174
7496,1201,513.493705021487,765.855853076967,486.520816020002,486.520816020002,293.04652362699
13154,1011,1034.36102129436,951.894277772968,988.533120766414,988.533120766414,1018.72799620125
5080,1218.9240000248,1203.70746962896,1429.25340534329,1224.47493433359,1224.47493433359,1454.72385161845
1685,710.598999977112,818.320201213465,803.442168901384,796.305129845571,796.305129845571,793.113397546677
3705,850,1631.30223025806,2070.29287673047,1661.71441256939,1661.71441256939,1898.73305983844
4823,1868.15400004387,157.660079054615,173.697073211766,125.101475959789,125.101475959789,535.348159827805
7699,871.09500002861,1839.13492725836,1771.44484061698,1199.10995126044,1199.10995126044,1592.76905588011
8211,1304.06200003624,1779.74480370837,2144.31046554787,1660.10690220628,1660.10690220628,1954.10069249558
9934,937,1077.27270178386,1170.45938430042,963.272965666631,963.272965666631,1163.60920793864
11666,670.707000017166,774.032273002646,767.030017823399,483.58187239409,483.58187239409,313.117489133497
13214,1536,1703.46157098005,1757.66206399025,1937.86220095163,1937.86220095163,2342.41240067754
20298,1171,1166.5461342935,980.11987472939,1474.16832400785,1474.16832400785,2262.20888234928
790,1187.79600000381,227.570606076418,237.153145714267,151.330043171079,151.330043171079,218.852459622439
18379,1014.09999990463,1007.14753995143,901.787682705387,1032.22958881102,1032.22958881102,1549.67250266796
4949,1489,1089.60743775872,1156.09707809453,1093.26030499146,1093.26030499146,1694.7434113587
7206,1434.62800002098,805.225992739586,604.490335833538,750.732531064227,750.732531064227,1686.83467514692
19051,1111,1726.71929192136,2366.37441756553,2108.37252163023,2108.37252163023,2465.60651488529
18728,688.743999958038,518.424213472883,656.968960642815,626.106328479574,626.106328479574,482.882385301173
22100,1324,1051.54162323212,1334.82452751633,1000.36557840452,1000.36557840452,803.045918850299
14914,1480,840.638668405049,1087.96661360735,922.00228867433,922.00228867433,632.585458719225
7068,869,178.054110507028,81.0345972837895,425.858119992158,425.858119992158,283.941491825424
18910,825.172999858856,1393.57501368795,771.537526566714,1607.90479105854,1607.90479105854,1638.18748204593
1235,1979.7349998951,2937.31624134952,2698.70489389604,2814.35167892261,2814.35167892261,3165.24646053432
6326,886,650.45325685985,695.840644678735,661.525856944182,661.525856944182,543.778189585491
17340,605.957000017166,1570.97130118021,1643.38056739752,1768.93880644933,1768.93880644933,3403.53367869982
17599,424.006000041962,293.274827628186,224.95763799663,821.354683310821,821.354683310821,121.639285002945
18559,756,1010.7539739987,668.440698994817,1047.56652040242,1047.56652040242,1505.85501464937
21470,739.194000005722,1568.09819240925,1303.52223744073,1665.85609683143,1665.85609683143,1889.97871972555
21498,976,445.737090649434,370.885353813136,449.493132202127,449.493132202127,487.78359433636
21613,857.006999969482,3393.09235236618,3171.75562757847,3457.62103990932,3457.62103990932,5232.90337922421
11071,2169.7009999752,2103.57211469233,2303.69288383684,2189.36106501029,2189.36106501029,2732.45186863335
1751,910.092000007629,700.133119740819,744.975386354168,654.450418991277,654.450418991277,1100.55195623301
4322,1612.33599996567,1535.44395948631,1331.56218948979,1305.7762964017,1305.7762964017,3569.28280665694
6059,1009.84999990463,2438.94883524028,2903.70807366099,2422.7965758728,2422.7965758728,1899.75897207614
9257,586,1066.79766014842,798.395714495735,1051.60589606292,1051.60589606292,1508.65237092431
9559,1670.94600009918,275.333042776849,221.612340784568,340.033439064386,340.033439064386,1049.41325747747
9779,1038,1157.84755941144,872.457284821101,1339.12590190115,1339.12590190115,1181.27901205261
13291,554,1558.15322699138,1228.5558851449,2217.43389304406,2217.43389304406,1484.60804908607
8789,5172,2481.86205213909,1802.17841715721,2100.39906826508,2100.39906826508,1290.7496283182
141,1191.99699997902,264.602578090274,411.889791840119,285.721900180816,285.721900180816,285.389230521279
4496,1222,760.152937123507,540.662737731685,1194.55205797572,1194.55205797572,241.259641301166
21180,2035,1819.43564062749,1873.78488307608,1698.87532858233,1698.87532858233,3880.25058687247
18714,709,617.527740704532,920.146612126183,709.555475582078,709.555475582078,532.911032912342
7150,2646,411.140074211217,523.357821269706,380.103686881609,380.103686881609,485.97782852687
21348,1018.43300008774,253.763358846016,214.887212873185,350.806386918104,350.806386918104,195.9792262131
216,2779,1281.30041978422,1773.21336636868,1224.67757604217,1224.67757604217,1818.52683409694
13966,1508,1412.38413794158,866.184410316582,1283.36090453566,1283.36090453566,1602.46917124408
8765,1411.69799995422,1193.00472567042,1061.51651236572,1103.24265412533,1103.24265412533,757.575706061638
20177,644,1179.94053815201,1102.86476890101,1088.08214491621,1088.08214491621,1195.93827552837
1684,1564.25300002098,1832.49487400691,1823.891676374,2222.10483708857,2222.10483708857,2443.31515230133
18066,1141.93000006676,796.832399388745,856.378947258515,903.655102407246,903.655102407246,1069.42184359579
4300,855,984.801502671222,1050.05363260067,1033.78318462304,1033.78318462304,1011.51392971202
10823,647.164000034332,1804.12592435364,1345.63949994786,1903.00221042396,1903.00221042396,1543.67765928485
15555,1210.98300004005,1249.55642272114,1997.76384139518,1265.25596350641,1265.25596350641,1926.35618007875
3242,893,1140.61702231139,1037.04629417396,861.621584262061,861.621584262061,1964.95055549877
11830,587.944999933243,988.502734969611,1230.90480017716,950.140754840178,950.140754840178,1480.45588809858
1073,1108,1609.93313494483,1706.73239415115,1478.85085316932,1478.85085316932,557.405669838601
22343,1338,763.559728697032,870.470813879565,794.545131067321,794.545131067321,2123.51184171993
13363,2963.88800001144,340.965368111017,718.501596274016,341.956047580993,341.956047580993,533.440270130064
7631,2132,1282.0540131037,909.891412090496,994.347031226172,994.347031226172,1159.55293982663
17725,2338,291.862453990772,197.869616808405,268.85673083053,268.85673083053,233.665413258204
9555,2288,522.76752751904,477.760122741458,464.230695216993,464.230695216993,233.223899165338
17863,1519.63800001144,1574.87148358189,1709.97183623464,1347.77651561025,1347.77651561025,1513.50243620693
9122,769,2123.7208717848,1536.73331092486,1775.39887926597,1775.39887926597,1946.92170898377
19877,833,799.831286610646,968.285072370384,879.165725165694,879.165725165694,695.516589858284
21603,1188.33599996567,1019.40309339562,1177.65428889764,1143.5644204697,1143.5644204697,1005.38528234015
7035,828.990999937057,2674.25401604838,2803.8429777914,2666.85757033593,2666.85757033593,2226.92029202577
11935,1123.5,1213.71314805992,1016.32398046141,1131.31586593438,1131.31586593438,915.436194355545
131,1214,461.384676045315,496.229220886924,366.216626763145,366.216626763145,585.838851901579
13207,545.18499994278,948.178169977046,659.037462170451,1151.45173013909,1151.45173013909,1030.47859562686
10580,1628,1130.13361323297,1111.58474224125,1298.55115287268,1298.55115287268,1860.79597768909
15667,301,1064.15560182322,1002.04728918762,856.653742908061,856.653742908061,1438.56433765224
13182,1139,1770.85297420519,1435.40594819404,1501.98449986864,1501.98449986864,1728.17945294332
15836,2084,706.824400692915,1354.68884228615,945.527376580304,945.527376580304,749.529067018999
12564,2716,736.6947909351,680.58967160962,606.563060876089,606.563060876089,911.171872411257
17089,1403,2345.16861178688,2006.83238198224,1868.99703296846,1868.99703296846,1302.48150187317
13103,1742,634.600977461544,1316.48638440806,759.440499862758,759.440499862758,635.264692369461
854,1962,652.867190200749,468.064006079947,571.937720141204,571.937720141204,477.102256855759
8121,849,985.896621833678,1441.81346592946,1080.74549849124,1080.74549849124,1237.92019181848
10356,1497,819.479403395354,784.494843850704,755.358459356984,755.358459356984,663.558350489017
22617,1137.69199991226,1314.10432360826,1122.34317796035,1209.13814496533,1209.13814496533,930.261218943108
7232,1951,665.886439153122,404.809194718455,568.466567504694,568.466567504694,485.572649958661
12219,2640,1324.75810886323,1323.58175760035,1570.45479984917,1570.45479984917,1185.85748287676
13548,1341,1597.54038618871,2060.64239836522,1499.94663562618,1499.94663562618,1691.95935920049
3120,1387.9279999733,1019.59846713537,1048.92694761313,829.419941142512,829.419941142512,1078.86605741403
11491,1657.03099989891,1589.9093564058,1369.59328969881,1778.49190991309,1778.49190991309,2292.01803919577
12860,1803,980.274262443273,923.988871719383,757.972644306335,757.972644306335,1121.4985545626
13216,2110,1833.83201522342,1718.39105962783,2076.7900038247,2076.7900038247,1794.63216445863
17932,758.026999950409,1794.87159648879,2449.8281764762,2089.22239543786,2089.22239543786,1780.67858295593
20754,1353,1272.87301532787,1074.36253667016,1380.63912106375,1380.63912106375,2250.69827461961
20581,988,643.290828944411,674.937568516134,713.144826056773,713.144826056773,1670.760068368
22521,1050.50699996948,841.579228880193,1040.64172543287,463.475391684097,463.475391684097,374.909162258658
2974,1080,377.88443907831,574.029368048774,380.826387432109,380.826387432109,359.857606836187
7244,798,1394.69605410049,1235.77834262712,1239.75554496682,1239.75554496682,2068.45523529994
7521,3064,763.153490424316,827.255746276255,783.333872191759,783.333872191759,681.895069376065
11231,2608.70500016212,2300.00878129046,1818.96719993427,2008.45650628448,2008.45650628448,2316.95063417715
16615,1354,1504.61812960675,1327.47598381928,1905.4393406058,1905.4393406058,1777.79266181815
6984,690,9099.96180090683,1580.57592468037,1507.36454065144,1507.36454065144,1530.51416941498
13406,1113,1195.35737173254,1038.60162169463,1379.17151414881,1379.17151414881,1662.44892013454
14150,1068.70399999619,1923.59634737859,1596.80814230887,1212.41244423404,1212.41244423404,1486.34213013418
19805,773,973.561604277871,1210.33807345814,1399.01814678538,1399.01814678538,972.446562900295
19508,2099,1841.1214448187,1589.04095212851,2884.24841105204,2884.24841105204,4713.85772111493
3472,2287,1060.30006765314,937.917953324384,839.302287549133,839.302287549133,433.609693417881
9123,1099,1144.35803143934,1333.18742038389,921.560809058395,921.560809058395,744.915610728684
10169,927,1206.70883808091,1276.10684779035,984.341807546226,984.341807546226,826.56920913698
22590,1534,4890.33306959196,5474.0866970024,4681.07051420573,4681.07051420573,13807.3977998097
10307,883,2352.69600644779,2471.14371014638,2133.44323096304,2133.44323096304,2972.58878805361
6901,847,103.71421851901,117.008669979435,122.509969145986,122.509969145986,89.3504132294076
4956,981,2952.48102372756,3237.73703105358,2507.45088557075,2507.45088557075,3114.50229111379
10606,1557.50200009346,1157.25339611059,913.132622331611,1279.77666084788,1279.77666084788,876.944551553956
10715,1727.99699997902,1090.99471847581,725.974830113177,824.445256815022,824.445256815022,1397.98472837727
5811,852,467.553758588182,255.839002591256,228.810962650608,228.810962650608,188.056121171146
3948,1013.21399998665,603.603458003285,679.542204509978,570.072600771228,570.072600771228,1701.59267541718
11151,1312.5720000267,1347.07355141912,1152.35739829568,1295.46031108882,1295.46031108882,2563.63280810371
21129,1807.22600007057,2076.73596112976,1705.4339598382,1835.11872758965,1835.11872758965,1721.95654464407
934,3234,612.25385933327,512.610900480143,670.155310734975,670.155310734975,1117.09449009867
2977,3015,829.96199119494,962.315112985318,975.403772924533,975.403772924533,1083.64225251293
1456,740,1520.14206906353,1275.74428506641,1477.82287619591,1477.82287619591,4025.62028626923
8908,637.865000009537,1612.84401355101,1609.26070133609,1655.56122858216,1655.56122858216,2739.77242022167
22039,1791,1838.62617497754,1658.75174861337,1533.2646377025,1533.2646377025,1853.63633316166
8687,1353.13400006294,741.78329548993,690.974721446114,831.736462236626,831.736462236626,1400.53368264743
20115,2127.04800009727,1860.03782742693,1008.84991740361,1210.65517923489,1210.65517923489,1933.30388220603
2610,1941,2340.02716973123,2414.79367756685,1798.15804057891,1798.15804057891,1903.69136185257
3232,1805,1032.29185473212,1142.45105523812,1129.24362706306,1129.24362706306,1196.36706929302
10001,2112,1278.99123412468,1177.76135576382,1231.1208462688,1231.1208462688,3616.43126010567
13687,1085,939.739587438142,710.962875411821,1304.50088978153,1304.50088978153,689.339573994911
12913,1447.98699998856,784.595235045653,861.017845453619,985.434920362336,985.434920362336,933.229452986943
17682,1630,1391.96864528033,1329.90469534541,1510.89149309567,1510.89149309567,2137.27703939396
22395,1668,1128.62663563834,1195.42725432759,989.348546227744,989.348546227744,887.854198088642
5636,2236,1200.57294355475,1306.65974038354,1147.02905141284,1147.02905141284,1405.28149938265
10340,2229.80999994278,1071.90665497219,1030.93453399004,1171.8546157489,1171.8546157489,968.181709524886
12250,1665.81299996376,2060.53658771453,2206.49620444985,2657.76747251341,2657.76747251341,3068.20973896816
12597,2244,2356.58640995678,1304.17805269325,1495.87916047717,1495.87916047717,966.987625788266
13396,1189,457.187477924341,361.25314954857,446.709868747468,446.709868747468,398.947414850869
14195,1887,1735.50089323946,1118.37900461584,1732.87860129709,1732.87860129709,1166.04545396308
16089,1309.73000001907,1585.73712247655,1012.45537146809,1441.90917068437,1441.90917068437,2360.85984310525
20010,2545,351.765596719509,376.537899053905,354.346934341953,354.346934341953,290.089999477567
22847,2701.15499997139,2769.66264751586,2089.55010570323,2246.62438091668,2246.62438091668,2109.92588146499
10688,1932,1711.32082497068,1191.73645043535,1917.06631549471,1917.06631549471,1766.35304935683
19974,857,1128.72712395525,656.865037981492,1206.98312232425,1206.98312232425,917.6815073702
1811,2131,1363.92901705756,1693.00348978445,1527.8383686093,1527.8383686093,1200.3946692361
2242,2759,1966.98189582102,1699.16351302196,1860.02238880516,1860.02238880516,1029.20130032175
7420,1721.98900008202,769.294959778404,979.866482850831,686.193198980128,686.193198980128,541.548012737774
15870,1474,890.615000404216,1069.73500655242,1081.15411261343,1081.15411261343,1124.26013945756
19472,884.046000003815,1550.15756957826,1716.13966391833,1840.87178648703,1840.87178648703,2466.70613719923
21243,1306,1834.77659057049,1426.3449586617,1503.26789213857,1503.26789213857,1933.41171870459
12688,3051.83899998665,1000.6240674912,1102.05945111893,836.344869541801,836.344869541801,1637.99388711123
13549,2671,1186.80381641302,1079.42737495452,1342.64232664044,1342.64232664044,786.170364400167
20257,1972,1900.12749129336,1718.62464342286,1668.22971230379,1668.22971230379,2311.75730581135
2507,1681,1334.69821892299,1051.23764728074,1285.81067520106,1285.81067520106,1942.61912391282
1462,1941.79500007629,1194.96831483713,1112.05496475401,1034.99474221421,1034.99474221421,597.147211885872
6515,766,643.207386497078,807.670535589139,636.192871203694,636.192871203694,654.203689749255
7050,758.052000045776,1301.81809719329,1443.01365517794,1169.29134871099,1169.29134871099,1019.16303766853
8787,1795,199.976607881579,172.981595167546,208.669519723954,208.669519723954,223.226950891479
8871,1599.73699998856,1425.77272832443,1226.50756922724,1580.91523958245,1580.91523958245,4308.7216959472
12330,1363.44099998474,1355.65226043051,1267.11640381679,1341.79321498449,1341.79321498449,736.67942579648
12412,1773,716.95439921878,929.035732130658,1131.86906578301,1131.86906578301,1547.01834390597
13383,3010.38700008392,1864.958207615,1565.37433632566,1824.3373314547,1824.3373314547,1915.75325840103
16482,1004,1291.69919908745,1306.92441652342,1138.55896430303,1138.55896430303,1530.32052181531
16568,1043,1529.48524090683,2017.63418360764,1698.79540095945,1698.79540095945,1558.67094389386
19908,1508.99399995804,1385.16217885866,1686.14588268055,1256.79325758407,1256.79325758407,1565.11288633678
3541,630.588000059128,1708.89175724795,1339.78964596897,1752.7489506141,1752.7489506141,2793.16963645719
5338,1050.97699999809,1079.30607498654,1049.18233681996,1159.01829689538,1159.01829689538,1259.11412280674
11340,1078,1640.03574507796,1372.70986155738,2077.18073894312,2077.18073894312,1608.45680298926
19464,1543.88100004196,3505.14911217455,3375.50684826296,3434.590037842,3434.590037842,7230.28158124141
6511,617,810.12883237405,1097.84035744415,911.584205386049,911.584205386049,1541.56678228827
6827,2548,760.276212324661,502.526333192335,856.245086300391,856.245086300391,666.316663682714
22689,1139.04699993134,2204.11613195861,2020.72162842693,1954.77916827027,1954.77916827027,2034.35291172008
22721,829,309.962420196241,263.093766347019,338.502017838212,338.502017838212,289.140801783875
1546,1377,1324.04921548272,1346.57287007929,1119.68685945622,1119.68685945622,1589.53340413762
12336,854,765.88721993657,781.279445347687,901.029723586443,901.029723586443,1095.27871636009
561,1367,1859.67337351834,2224.90457457623,2507.21351778733,2507.21351778733,2141.46858000066
5392,2953,900.540997990818,775.476044365739,746.694648055545,746.694648055545,1160.79181726798
7603,2368,2288.12090035854,2182.23122034658,2509.69859674944,2509.69859674944,3301.19038713673
8679,2514.11400008202,1202.17332607547,1112.85151440623,1468.30772646835,1468.30772646835,2218.54656210194
4319,1504,788.970624131234,1203.07945909782,1055.39579286373,1055.39579286373,1007.25223600245
8019,2091,1260.29941544909,1331.03627287301,1250.55526878742,1250.55526878742,1629.24822082608
8095,989,192.122751774772,322.931559381241,184.304719161093,184.304719161093,191.711184123652
13787,2379,37.7994997887795,32.0299999713898,36.7519830954411,36.7519830954411,55.2326854304464
21990,991.546999931335,604.653314734351,532.488328492267,561.316630716128,561.316630716128,361.794117713972
8205,1059.83899998665,488.139566380174,472.08780639201,477.808135266157,477.808135266157,966.66864462067
15840,1062,1565.44975861236,2191.6979812169,1650.94099418779,1650.94099418779,2331.15704696854
16448,753.023000001907,1136.00780167681,913.102590457568,1504.11169515423,1504.11169515423,1037.3913145778
4377,1138,1254.70898008323,891.807209223947,1074.91522781109,1074.91522781109,723.985568343864
12807,552,950.125603607159,1096.23926032658,952.637639422968,952.637639422968,987.384640460148
22073,1171.84100008011,805.465007945544,1066.70858902099,1296.29636325307,1296.29636325307,1002.31045173588
4766,1444,890.206878198185,837.751722821567,903.278416786786,903.278416786786,1761.5938115031
6398,1445.00300002098,1294.0410861499,1019.72133432531,1256.6140570034,1256.6140570034,1269.29711651036
12313,1647,1158.22559917792,1261.61017634662,1175.16182382225,1175.16182382225,2613.42069613329
16553,1016.02699995041,967.335417128691,1637.31123100137,896.784157040923,896.784157040923,1290.78512642394
7242,1018,924.100617904047,698.174614546395,717.478184403648,717.478184403648,866.824651905682
4324,1526,59.4769080984942,43,49.7595448068866,49.7595448068866,252.881504481138
5242,1605,1812.69133505212,1193.73045511632,1756.32580894338,1756.32580894338,2185.2216937014
7745,875.223999977112,1228.2695562144,883.088146514442,1045.42948229125,1045.42948229125,2264.8026833784
20570,1073.44400000572,1242.17586599673,1032.4717187404,1062.08174708397,1062.08174708397,1131.41145781607
3997,2366.25099992752,566.294808788973,371.561633223096,500.011659130304,500.011659130304,594.237111019691
5069,702.536999940872,1758.24796522615,1808.51463060698,1403.58956978214,1403.58956978214,2106.21941027692
7254,2143.83100008965,1542.04513702002,1519.8741874468,1374.77012109716,1374.77012109716,1280.18490844478
7864,1163,865.813605399392,473.616651632798,601.062124161707,601.062124161707,752.78212955518
8355,1615,595.765220567846,617.785995841919,647.170961687152,647.170961687152,741.509444848862
9323,1137,960.960297217796,566.201882859637,969.270726603244,969.270726603244,274.589746472877
12359,1352.05200004578,762.595727080873,615.610140740695,759.269869452557,759.269869452557,931.902753737882
14240,627,1278.34460913191,1079.11505386467,1085.21083472913,1085.21083472913,993.914246229407
15308,887.993999958038,1788.16511772692,2117.18031898127,1850.70064425627,1850.70064425627,2344.03118289542
18126,1074.96200013161,1584.88618563902,2296.48452414296,1573.02030817254,1573.02030817254,2035.33151752603
20327,1322,1187.84134649487,865.236709689242,1251.81089076704,1251.81089076704,2264.57288739977
816,1170,1744.77778754943,1798.42589898764,1946.23343700898,1946.23343700898,1847.78473942932
12865,1884,653.062987712147,554.937151198759,714.375297103548,714.375297103548,1308.33797122023
19479,1204,1448.48503476843,1530.26289059999,1439.59544815686,1439.59544815686,1780.84448974997
22491,637.898999929428,899.421783205925,912.481439377973,942.962803019095,942.962803019095,2825.24345690616
4443,907.888000011444,1986.15872709838,1594.33711303464,1814.30689982799,1814.30689982799,2199.54802941686
5385,1377.55900001526,1878.39215392921,2369.27101277122,1791.31708748773,1791.31708748773,2278.4484941002
6492,1502.30900001526,140.082568768572,167.843726825521,157.599627345553,157.599627345553,157.553711325811
13831,895,644.705906442465,638.948881940598,691.679370000869,691.679370000869,2134.15588727874
16928,1241.26999998093,2316.15587888423,2441.38326186156,2376.51703730706,2376.51703730706,6278.14132720773
19971,1481.51999998093,1222.718404106,1341.24768277455,1298.28054782186,1298.28054782186,3038.32311398503
2552,1719.25699996948,1393.95695127005,1295.32216991298,1536.64244494376,1536.64244494376,1920.04689014041
16786,906,500.681156712189,655.758351140017,487.721137660115,487.721137660115,1034.50349471754
17814,534.707000017166,1110.65943281691,960.679746929945,705.04131854433,705.04131854433,1448.10861236022
1725,1078.64400005341,253.748064947495,371.407176523724,225.078034734778,225.078034734778,298.677584023664
5477,890.871000051498,444.462140129321,525.42564685431,453.864740214363,453.864740214363,310.583755640592
9595,1424.83299994469,612.803256383419,560.456667808342,543.766112339447,543.766112339447,1348.37222634605
16247,1384.98399996758,120.801352360964,128.721419455629,119.150259116555,119.150259116555,34.8723106423964
11446,1132,1760.86101543844,1653.77741969693,1655.34989068772,1655.34989068772,1302.38888123012
15763,462,1451.28312268777,911.136705877154,830.5201544281,830.5201544281,874.269746817736
17262,1154,1143.68341842615,936.512024945083,1013.96463906008,1013.96463906008,2763.22261253994
18167,1107,1224.95217050193,1271.7994988684,1283.23740705751,1283.23740705751,1066.86073043512
11162,2876,1045.21640043089,587.253276379552,814.890511508709,814.890511508709,990.452320223415
11790,883.746999979019,829.314357927024,863.287930885648,964.305697603415,964.305697603415,1235.75400148774
12395,1761,1246.82172087025,1256.02984940881,1279.61446720992,1279.61446720992,1773.6323212126
11498,1700.00600004196,899.097684856581,856.966351339251,989.30746242149,989.30746242149,1073.5930647799
13096,1544,2562.61101015004,2633.85410613575,3089.08992989671,3089.08992989671,2338.54558149022
16232,1217.89700007439,1270.58346941078,1183.75148151631,1219.97038314077,1219.97038314077,1397.37865987371
5121,884.088000059128,1440.72851499614,1387.60600285262,1391.81725412904,1391.81725412904,1581.55088307506
7452,1663,3462.9312901175,938.787902761342,1054.75366345617,1054.75366345617,1242.90345735076
8510,1557.1819999218,3028.60109021248,2005.38766447465,3024.11928232844,3024.11928232844,3011.42364634992
8668,1503.97799992561,1143.03388733412,1023.63874142469,1254.1171173814,1254.1171173814,2097.55625271763
21026,396.052000045776,730.079056667548,1206.30156824773,790.765612169513,790.765612169513,531.342943541107
12667,955,1361.63546929741,2031.0924894288,1286.40158307677,1286.40158307677,2299.18752206205
474,1642,1285.21428917757,1189.84759695963,1228.77460672292,1228.77460672292,906.724511944233
8676,1378.67000007629,2206.43577471965,1907.42986121796,2095.10546965149,2095.10546965149,1824.82061785317
11496,1476.59200000763,287.313565671627,229.105061437237,416.925502976874,416.925502976874,203.027912761994
16519,2222,245.987089039876,365.138617587649,189.749546306364,189.749546306364,73.4108553625662
20138,941,1710.54068407578,1407.52945218721,1607.65767794557,1607.65767794557,2279.27187234642
21616,1453.10199999809,1129.53962534637,883.069838412703,977.574730117372,977.574730117372,1224.39283058398
22243,1226,480.392611495721,684.270691943328,646.469421017115,646.469421017115,706.756693931309
6465,959,1704.50243896008,2068.13731802895,1830.69155331417,1830.69155331417,1481.29448497041
15935,974.174999952316,1472.274689664,1730.09088555844,1323.97260590503,1323.97260590503,915.983517307566
20403,2222.18899989128,931.63500612693,1421.94502260052,957.626637760713,957.626637760713,1248.6835934655
5107,1406,2064.99249603617,1269.40436571892,879.786609242707,879.786609242707,1106.73366538466
6833,1372.16799998283,2764.58439635722,2959.34304124171,2680.06090245333,2680.06090245333,3330.67744287494
7046,1300.91499996185,836.76201887391,1980.90097811681,1103.73846488954,1103.73846488954,675.622251654625
7983,651.068000078201,2359.08619164357,2177.90113658539,2367.14249747619,2367.14249747619,1883.46005816092
16927,473,1939.97354359981,2419.99702877552,1910.47909256799,1910.47909256799,2754.21185426149
600,2469.86100006104,1015.46551186275,1216.42189718327,961.062898273668,961.062898273668,2654.88867320429
1241,1044.10599994659,2496.6385870367,755.846068282083,1153.62296150449,1153.62296150449,990.763527410945
2948,1628,1448.37191825784,1743.55109227988,1385.36346564139,1385.36346564139,910.830431839242
2949,1480,2051.96126802666,2289.99151907248,1812.7181654504,1812.7181654504,4629.19399471767
3385,1361.93799996376,509.112387956788,456.774912305742,568.963875184809,568.963875184809,503.054734617598
4726,1084,1055.23061016063,1496.21721431362,1025.35546002107,1025.35546002107,1078.1005096363
4842,1013,1409.42954527469,1036.56205552679,1370.12809845983,1370.12809845983,1261.53591487615
6674,1971.96799993515,405.000127442739,418.925334440837,386.472885127225,386.472885127225,434.008453844181
7905,1682,2080.28230191255,2274.25320194402,2058.8507702075,2058.8507702075,2699.1893247475
8232,566.191999912262,352.763309125526,231.587000020539,302.239518182483,302.239518182483,516.121657753376
8398,1646,1725.56867366735,744.416531531569,1203.97979796758,1203.97979796758,1044.77249704359
8478,2205,852.026823775696,887.054772695329,792.337059737396,792.337059737396,651.941188542532
8680,1755,1605.46866071449,1526.36424852682,1489.57557557058,1489.57557557058,1963.93166575423
8753,1057,1570.92122664074,1242.21371707316,1506.52130753159,1506.52130753159,1370.19660145537
10722,2423.79299998283,2529.97892143337,2501.78533083829,2569.26744022051,2569.26744022051,3287.82852014044
12206,1781,981.414073272059,1124.33193492147,1043.43771401017,1043.43771401017,913.991382089979
14139,2789.22799992561,1370.48420354994,2358.39599903539,1434.63695369845,1434.63695369845,1395.64292068423
14241,1724,1514.71018982343,1278.22301137938,1950.88978758377,1950.88978758377,2523.82909907925
16374,2516.04299998283,815.342773903715,961.236914744853,747.201967895312,747.201967895312,493.467146514518
17211,2173.19799995422,1205.25843150364,1134.03268440195,1431.86413378131,1431.86413378131,1996.01234224955
20124,1755.12599992752,2251.43796055935,1992.35322054441,2094.03718346059,2094.03718346059,2914.49662094069
417,2888,1852.4022764446,2211.16052340278,2303.29690431361,2303.29690431361,2184.66473435949
4346,655,639.823669789344,589.245497772827,657.871488946863,657.871488946863,635.685922999933
5800,1027.94200015068,1529.31561956453,1706.52486773039,1515.84950581426,1515.84950581426,3589.77495740208
8998,1723,1215.10375028461,1372.98968748102,1158.32802151868,1158.32802151868,867.777888386101
14538,1912,279.81463147996,253.603556640135,546.085891848401,546.085891848401,243.039357359865
1078,614.401999950409,672.838375872256,817.175625456487,742.691831525905,742.691831525905,779.585014137348
2573,1163,2098.75678232241,2274.09635720972,2142.58171601139,2142.58171601139,4489.50228428335
5971,475,874.834434029641,917.030591100985,905.496653041457,905.496653041457,916.73440689736
16021,1747,1378.43859842175,1224.69174870054,1158.03527892044,1158.03527892044,4501.29520559548
570,1724.98300004005,1097.66537730042,828.943122244199,1040.19117995027,1040.19117995027,836.201866234358
1859,961,1428.09668978914,1376.32558485125,1666.58591170856,1666.58591170856,2092.68625103064
5686,735,929.678269646555,718.129153833128,894.072522331929,894.072522331929,1250.25617747064
2622,884,1179.36616077795,829.5364845308,1293.97280461378,1293.97280461378,1007.86160479873
4130,1121,2293.85001795035,2882.45289505231,2583.159910798,2583.159910798,2991.65232460841
8475,812,1077.61787239339,1154.88097170663,1395.95797217237,1395.95797217237,1180.99594910471
10803,1542.08299994469,1781.40104062411,2578.13301980262,1661.35787936468,1661.35787936468,1682.07558394533
16348,3618,1129.28986353514,946.930257013693,1074.86422684406,1074.86422684406,1328.17806540153
19684,1466.9509999752,1371.03293345348,1163.8763427282,1649.33729112967,1649.33729112967,1040.27602889184
20126,1533.50099992752,218.673224135347,163.416722792149,477.452472832972,477.452472832972,349.349108363258
16489,1366.91700005531,826.33988988322,769.294685682682,871.360787753968,871.360787753968,867.466479443744
19425,886.31299996376,1395.41959460625,934.898236049639,1007.46500268985,1007.46500268985,1217.64185713143
10820,515,713.432731089255,608.142153488593,720.496028730128,720.496028730128,957.832436896369
14231,727,1770.64823454949,1784.25313813882,1747.39102097465,1747.39102097465,2658.48208951727
22095,550,1119.97097176431,1253.39804345558,1147.39079411316,1147.39079411316,1477.30596298432
4267,608,1386.01807085515,1570.0892243249,1515.66116282139,1515.66116282139,1471.91972418711
9864,672.434000015259,771.295284025837,961.554606832459,797.114109017212,797.114109017212,937.86922859807
3798,1337.62199997902,1414.2852229204,1805.34670704739,1584.4454020458,1584.4454020458,1610.68960892226
21561,1021.06200003624,1895.43423275009,1811.11201404587,2190.18232317341,2190.18232317341,2023.85319315112
902,681,123.060455547412,152.28114617622,175.579571814377,175.579571814377,82.0333710725226
2193,2406.66899991035,1172.69559980661,1251.99779665174,1019.86231189703,1019.86231189703,1507.17505702563
15724,584,791.417861343184,922.936130821309,640.604694232219,640.604694232219,1060.2435943788
16922,649.023000001907,1613.11965693117,3455.18454841107,1451.89572882162,1451.89572882162,1643.68652888003
19009,1397,1834.46845777159,1375.26078748088,1623.31169784983,1623.31169784983,2380.23158382292
2058,616.677999973297,1452.38060597087,518.722410496977,679.887205749395,679.887205749395,821.130520149928
786,732,1225.16089055108,1246.90930749914,907.085581715657,907.085581715657,1373.91582587333
9494,1851.01999998093,1796.47473263642,2074.91851350364,1597.82079836027,1597.82079836027,1004.47060282847
19239,756.371000051498,1015.3294885014,727.026349616685,937.32033300997,937.32033300997,1308.0041540461
19863,1281.18000006676,1707.09955457199,1911.95787694696,1815.45150553807,1815.45150553807,3352.52957750931
20687,810,1672.43772987864,2069.57196055163,1559.19232543695,1559.19232543695,2529.08042553346
16330,1408.5,1389.02527916407,1521.4313317602,1266.27842890713,1266.27842890713,1352.24549837726
2703,1093,1277.75715156014,1877.61218372217,1317.39710175802,1317.39710175802,1400.24882650696
14690,2084,2145.43030134838,2157.93204100858,2174.8783077919,2174.8783077919,3212.92322263894
16921,1362,1585.85995085583,1867.01777645975,1569.49901656026,1569.49901656026,1682.40143518122
861,1968,1723.43031637677,1200.20959482517,1465.34376656847,1465.34376656847,1569.03656986253
10905,1313,1464.86918652439,1719.07515885839,1591.56064923481,1591.56064923481,2330.32534330855
21720,1731.14599990845,1550.81944067716,1248.08742741187,1281.61348663662,1281.61348663662,1292.67926439134
22240,1955.6930000782,1520.61119816578,1934.0149549991,1676.53530376541,1676.53530376541,2215.10289056171
5523,2104,977.901889080692,1017.6142324857,963.863138241394,963.863138241394,1685.5979370451
19228,2595,1268.79519295414,1640.16394521634,1331.19202116992,1331.19202116992,715.93068817765
8064,1167,1301.79003142271,1799.07800218357,1507.33403895543,1507.33403895543,1142.11776554857
6611,1451.05599999428,4519.59847994515,5006.02371495945,4683.67541459283,4683.67541459283,7404.38129501501
7037,1036,1789.30874709386,1889.64983829805,1815.14685564098,1815.14685564098,3301.2195926702
7984,1502,1635.43083175275,1062.93293028878,1513.1842725865,1513.1842725865,1312.47469136599
14725,763.644000053406,523.896922131905,877.502082584802,570.835153267056,570.835153267056,320.639904238985
164,3385.92100000381,1999.19747198239,1769.70627012932,1652.89048106879,1652.89048106879,2059.60220017747
606,1793.57699990273,845.9907453704,1060.90244454404,855.581108215643,855.581108215643,2295.43840916952
3717,1947.05999994278,1699.86297735971,1852.08422982971,1683.48382583346,1683.48382583346,1937.54296641094
3729,1309,2644.92988123425,3478.43061238035,2820.09922983134,2820.09922983134,2979.21176972054
4765,1877,629.513370499467,473.582024012602,757.460462534366,757.460462534366,724.690337988476
7806,1494,886.022127549556,505.310985262518,839.658944531658,839.658944531658,956.795240172663
7977,2956,976.917805589196,1014.14486717893,918.818291851875,918.818291851875,893.961163735028
8702,1749.42700004578,1684.04027860175,1559.00263495212,1735.38803085396,1735.38803085396,2171.14722744034
9100,1689.25,740.581397500614,1058.72181125327,711.115789122747,711.115789122747,549.028038153779
9196,1739.11800003052,1457.61677950557,1454.42419788348,1379.39495086478,1379.39495086478,2052.77348605535
12212,1183.04299998283,722.641905458738,770.909118513916,855.479693113993,855.479693113993,1123.46471266223
14581,1635.26699995995,1088.34256061545,846.360722749071,1697.33517682319,1697.33517682319,1288.41351691943
16242,3073,1714.37138817079,1554.40202669782,1749.96779009047,1749.96779009047,2225.81522769497
16866,2152.85800004005,2118.71289402861,3161.7096619274,1599.31114976402,1599.31114976402,2923.93477252039
19734,1130,541.590585557745,577.321550307144,502.112985111622,502.112985111622,1351.5698641801
20024,598,1093.10280060523,584.502490283716,1209.40670658355,1209.40670658355,1385.93735687293
20132,2503.2460000515,1409.37120269045,1324.7548905173,1299.80055326115,1299.80055326115,3075.07708220681
21464,3131,1434.94940912389,1319.37087017611,1501.43355972298,1501.43355972298,1182.68563028642
22414,1223,1571.58717166508,819.496259832527,1604.34823909484,1604.34823909484,1529.05061492307
383,1455.47900009155,1246.57602453309,1340.87592562893,1956.81503514423,1956.81503514423,1450.94724526477
623,1293,1095.99659968987,1526.39841822699,1397.18649590824,1397.18649590824,1570.43842782697
1017,2277,1924.60540871635,1757.36607898509,1652.52810319239,1652.52810319239,1476.27661660301
1046,1243,2165.76262038483,1693.7143570855,2078.12481511426,2078.12481511426,3838.97902986362
3366,1417,1843.46497468766,1907.83933212331,1822.26390581663,1822.26390581663,1843.79331184638
3496,1130,1855.89653521242,1718.80969236625,1597.6662945997,1597.6662945997,3253.06761769986
4591,2139.45499992371,529.037496229286,487.733459570381,690.168936893116,690.168936893116,1030.80801802567
5108,1342,1474.2651366948,1360.27106982952,1194.31698126288,1194.31698126288,1633.81271670673
5217,1743,1152.12286236825,1364.6741483174,1664.23505921596,1664.23505921596,1738.09091357786
6485,1715,930.627833519701,940.651195507332,989.974854836982,989.974854836982,1398.42025576456
8707,1179.992000103,994.943452082142,914.622130367962,986.846120376666,986.846120376666,1863.74739995107
8715,1998,1487.0610800136,1818.28392011948,1127.25608481139,1127.25608481139,988.295098051429
10294,1115,693.547706074658,560.129810695814,602.620094217958,602.620094217958,460.070970823466
10520,1620.6289999485,940.348608144331,1185.82615993412,814.945972895536,814.945972895536,969.032852004376
10885,1704.28900003433,1549.05264165755,1472.0957563848,1506.23686518488,1506.23686518488,1244.28611411214
11547,651.019000053406,2051.19051941637,2433.79229240848,2132.95539459469,2132.95539459469,2574.92840539489
12420,1549,88.2719013904483,141.300075858176,101.939498495825,101.939498495825,85.4068805137645
12821,1511,1238.42495261475,1282.35925850869,1424.2343799555,1424.2343799555,927.707484854375
12889,972,1299.74614192841,1674.62264162495,1666.80112208611,1666.80112208611,1211.72391965411
12987,1270,372.396080735656,238.801695108956,331.596401963187,331.596401963187,344.094976031563
14829,1974.83200001717,1296.02925492917,799.696107156533,1362.89497366235,1362.89497366235,1609.6972087901
19062,1753,2313.13251267397,2324.42316096919,1192.114982811,1192.114982811,1973.09068606522
21974,1854,2134.71769925238,1579.38618830791,2125.90352614856,2125.90352614856,2259.74964834697
41,1022.07500004768,556.028115909417,725.763140716513,437.866321523981,437.866321523981,443.784409719173
1710,1668.16000008583,1020.76830252614,909.226334745423,1356.16703866173,1356.16703866173,1317.17905055718
5168,1440.35199999809,2375.55481825707,2336.26963459518,2770.06948449166,2770.06948449166,2956.53029773052
7083,1307.96399998665,1023.62873365208,947.59644652175,1096.79609759932,1096.79609759932,1176.86957586638
14722,969.950000047684,1093.4842183563,1062.40515109597,1078.23781001037,1078.23781001037,1783.21926106833
16002,693,2121.69895114367,1689.78841496773,2081.98038318964,2081.98038318964,4170.80269616128
19698,688,846.823991956763,1023.84794551926,964.619995639762,964.619995639762,853.682836365344
22132,1225,2200.68086349842,2750.88845591624,2178.72359275328,2178.72359275328,3313.40115132528
22143,1064.25999999046,1520.84758967765,1599.50981701475,1524.1442354568,1524.1442354568,2119.18064061261
22530,1290,2008.86229019258,2321.59772944445,1708.55401507167,1708.55401507167,2008.71690058419
137,1913.90100002289,501.278194823086,500.645707972838,419.855102927004,419.855102927004,372.692330337879
6406,1446,344.515347490561,319.243074572145,427.621702269385,427.621702269385,186.48279819101
7928,1427,942.411963007866,1447.68265983695,997.40035010489,997.40035010489,1110.94716158283
8626,2116.16799998283,696.849972355224,755.892110319983,641.275347367636,641.275347367636,777.624625581185
19860,2136.13899993896,1684.522439727,1364.66451030752,2202.25190673781,2202.25190673781,2201.97381041924
20009,1642,1913.05212198772,1758.13015580422,1536.4346316782,1536.4346316782,2084.68236175166
21657,1227,2003.7976942112,1544.35250480553,2083.70612618606,2083.70612618606,2156.25289595168
1003,3949,1676.81001466718,1718.78298431967,1563.50507104381,1563.50507104381,2222.51412462388
2183,3241,1375.50997885683,1257.52341925615,1020.78187910926,1020.78187910926,586.750106739138
19319,2885,1991.00184558062,1955.06306781869,1921.45746292419,1921.45746292419,3201.0705160872
13116,1206.34899997711,1859.36859961153,2126.8343449565,2078.96670000641,2078.96670000641,2887.15012262547
7441,1680,2524.32351624489,1584.31729936513,2242.91050754338,2242.91050754338,2183.69411105793
546,1817.45700001717,2130.79177798986,2782.72681335192,2284.08957958499,2284.08957958499,2982.98251744666
8203,2734.04200005531,777.238124074352,592.141284482228,745.655948792397,745.655948792397,776.261577935625
8845,1564,775.197719140752,701.548580318597,718.152294882556,718.152294882556,379.160077204584
10660,1904,1115.98612267018,1520.17201740399,1218.92069928668,1218.92069928668,1337.30004326828
12277,1310.88599991798,888.720068084432,927.42341650214,750.909054825528,750.909054825528,421.613912679512
16490,1371.98099994659,482.663008523135,480.300837988611,409.564161372279,409.564161372279,544.689118316324
20360,388,827.673151981473,728.769715049399,690.666899245105,690.666899245105,1113.99039842415
22942,1541.78500008583,1553.18969791865,1468.82467275045,1608.30645899553,1608.30645899553,1516.03882283313
8425,1604.66300010681,2095.22060963446,2115.89482112908,2234.43295714278,2234.43295714278,1878.90478024766
10138,1559,991.682952519388,1067.90594937014,1478.98535850375,1478.98535850375,2944.18460409527
10402,2231.14400005341,306.435498403417,387.308397584652,421.170359979249,421.170359979249,673.647952674826
12694,916,1201.57359929987,1670.05296872111,1275.51456802155,1275.51456802155,1926.83882815345
13064,1841,1168.44136638564,1008.07187112418,1230.76846577439,1230.76846577439,1678.57497510476
15861,1266,1596.35641144766,1434.74110872406,1151.98653072712,1151.98653072712,1712.71784053298
16378,1497.39800000191,1031.24636242333,1837.0111433698,1093.92893605173,1093.92893605173,2046.75269557693
19149,1445,1203.12804730119,1197.27304699743,1273.27099200794,1273.27099200794,4057.66968187823
21431,1342,898.447447949544,798.009901099483,1015.45227113721,1015.45227113721,1249.78525375825
5905,570,600.594342269235,527.701159718418,577.764255984799,577.764255984799,758.383495787427
18962,1922,293.791033149874,195.141621801816,342.313545939422,342.313545939422,218.477590726129
12106,1990,2822.54477102938,1967.39211287499,3611.94513027398,3611.94513027398,2489.29974907879
6028,1768.03500008583,974.756787003849,1123.00375738942,1558.90575919272,1558.90575919272,1254.80638654042
13633,1000.40400004387,1411.26456198867,1303.5084969378,1884.50614298084,1884.50614298084,1354.03945603592
10844,965.240000009537,147.179779117414,192.882439729204,107.048868916967,107.048868916967,84.7209527303112
10212,945.12700009346,1946.76888071455,2739.57108590726,1642.81044912753,1642.81044912753,2233.35984258081
15159,1036.89199995995,1364.2114274108,1802.30344671843,1157.11087386789,1157.11087386789,1566.21734527313
2527,1783.07699990273,1952.60112274881,2252.10655827523,2052.16757191372,2052.16757191372,1619.52439092964
18639,446.776000022888,22.7433403444242,13.5650000572205,39.5524880474953,39.5524880474953,6.7127938275605
12975,1801,1276.48143165452,1318.7225162901,1553.30571755934,1553.30571755934,1496.12881436846
19162,1985,870.61697185972,1331.85398999984,884.183426276082,884.183426276082,1379.9260777052
6621,867.491999864578,802.007256386986,1060.59226049924,697.533437836104,697.533437836104,482.803869703697
12567,888,1774.82620399636,1478.5089904501,1578.9118945449,1578.9118945449,3364.36336913953
298,1882.66000008583,841.801552705116,626.974376266144,791.78665036385,791.78665036385,812.119160002511
3730,1644.24300003052,1618.71496411876,1680.52884461114,1412.7793603099,1412.7793603099,2272.85748158634
8360,1465,1208.70542386404,1158.01536230443,1182.73870286342,1182.73870286342,2680.0213445123
11881,1938,575.512804793925,1009.47402566669,582.952788615712,582.952788615712,546.796082933417
12251,2598,2527.5455883221,3724.82941435986,2504.72398034143,2504.72398034143,2638.0169244661
16299,1545,1361.20997358228,1609.04661527727,1391.79200801051,1391.79200801051,1856.87023214401
20168,2291,1344.03179021951,1276.77791502795,1274.29649086465,1274.29649086465,1452.63846282884
21949,436,1041.41873599271,1810.44721117131,977.433629556956,977.433629556956,1276.26771470908
1111,2209,614.475408614223,425.321422332697,647.119370765583,647.119370765583,694.638203445283
6877,1420,1376.48131001241,1764.95162204528,1639.17421834411,1639.17421834411,1571.65238882939
9311,1440.47300004959,744.642972768412,982.298115404593,783.806541160469,783.806541160469,1020.68630866684
20378,944.993000030518,1364.48173979348,1640.73120872626,1532.55052294672,1532.55052294672,1437.10836619867
13631,973,1536.78251210878,1252.26008627811,1885.98928096997,1885.98928096997,1520.16781683175
15000,3145,780.419935198769,920.027129064391,782.360403382355,782.360403382355,776.531576246656
10982,1130.99699997902,572.770849309823,460.561495115019,844.084897543206,844.084897543206,444.725252291838
3176,1079,971.966452670135,1146.47922386968,728.686368636797,728.686368636797,876.840939843491
1803,1083,819.729231134264,606.722495027461,663.891631756499,663.891631756499,787.124912392888
946,1137.64499998093,651.274211911221,734.653770838126,705.30340124784,705.30340124784,1175.24461690054
7593,723.943000078201,252.879862870166,201.026722959012,204.194555410479,204.194555410479,167.512154452712
1956,914.964999914169,2014.11284866299,2105.64151469563,1435.43871934535,1435.43871934535,1905.99261468507
17538,2284,742.672631973263,1226.54264231627,1352.84309475655,1352.84309475655,705.707729349196
17803,1862,1312.76148977269,936.259395130444,1252.5082642806,1252.5082642806,1184.63822135196
3015,1144.56399989128,1179.7039505648,893.011204635639,1023.59773907804,1023.59773907804,1095.63925134706
19842,677.631000041962,2561.53524521412,3424.03243319843,2591.28842538395,2591.28842538395,2900.02745470201
1258,1612,710.584177605022,681.859122347807,484.949684878035,484.949684878035,507.514258289648
4126,3051,1405.82166522769,2170.34405278757,1412.8077795771,1412.8077795771,2245.90450547527
4799,802.177999973297,2285.36004727146,1909.16018654733,2209.2674100727,2209.2674100727,1555.23658139138
7624,464,1325.82151724783,1250.10929966824,1389.28353719744,1389.28353719744,2037.93081723159
17197,938.355000019073,1145.4183062656,798.619647197273,1135.7180126807,1135.7180126807,1412.46318475414
20874,1775,1210.28655882784,1400.74996782904,1464.34121581318,1464.34121581318,1800.42442530855
7623,1297,1041.93513083784,779.611964843405,913.725968316267,913.725968316267,1261.22023251927
21291,909,3369.55489908447,2783.71922420522,2946.53889899723,2946.53889899723,2480.7353750937
1206,875,1208.53270827998,1019.76062770932,1116.74220490491,1116.74220490491,1005.48039258302
12128,1082.11500000954,1298.06700113029,1248.65265600254,1265.58595310088,1265.58595310088,2683.24066096562
1482,143,1301.73773836112,1626.91383468531,1384.86178276815,1384.86178276815,1498.20472529754
4429,1100,1767.70395588461,2933.98139368462,1767.74579983526,1767.74579983526,2969.23614596858
22142,319,842.041222901806,1265.33010138432,1100.3822635335,1100.3822635335,1162.46025359775
16985,326,1645.23548251311,1469.79061660239,1855.49570413142,1855.49570413142,2398.8218078895
14471,1015,1029.96931474785,1256.83427471813,1182.13492176812,1182.13492176812,1597.28115661145
22618,3766,1341.78335584079,1670.37041063989,1777.17681621426,1777.17681621426,1672.40285983715
7547,2629,1410.68289641126,1166.97054477455,1171.06592141213,1171.06592141213,1136.53421731995
15220,922,977.27712757522,1084.00263566169,758.288934967891,758.288934967891,1583.38533598114
16183,1378.59899997711,1412.71523776503,1679.95586351959,1336.76974867059,1336.76974867059,1459.73799566588
13435,2422,2758.09069898084,2325.78416496291,1547.07887903879,1547.07887903879,2174.69302872375
2744,808.5609998703,2051.03062756588,1913.5325359656,1858.77738405896,1858.77738405896,2266.86283810683
3379,964.319999933243,1755.58980018219,2104.85694522496,1788.45689638566,1788.45689638566,2373.88392954537
8168,1438.17700004578,1344.96408308848,1837.09103345293,1490.3533546054,1490.3533546054,2044.51036443819
10217,2290,2031.4685562482,1861.82419278195,1820.08071875876,1820.08071875876,2184.42888655403
15253,986.101000070572,1761.90782786367,1574.23953940814,1632.1720887871,1632.1720887871,2939.50251855232
17759,1048.00099992752,1476.97212001328,1186.04672390561,1966.57788240769,1966.57788240769,1425.53497046451
18983,814.005000114441,1335.14711347114,1544.44652369004,1268.07013529573,1268.07013529573,1817.03291800461
11010,970,2234.94934318999,2576.15122743133,2414.43400063563,2414.43400063563,2864.14919026638
11011,583.467000007629,871.213118927283,910.239930320142,951.617443001456,951.617443001456,2671.93106187856
14982,673,1998.87137774746,2585.50364267972,1885.94493348852,1885.94493348852,1726.34585306679
21358,933,1285.26838553577,1184.83452402657,1269.50773192685,1269.50773192685,1775.79488602099
6693,627.384999990463,1087.71355343943,1093.24785792142,1035.36384657862,1035.36384657862,869.949630527643
18690,667.036999940872,1111.75438104004,1051.90147842732,1042.9272860765,1042.9272860765,759.015910651554
13979,907.483999967575,2674.70136597659,3554.45594646279,2980.58435472176,2980.58435472176,6928.38878914567
14670,1792,3205.78689916006,3079.03971950259,2965.97059916698,2965.97059916698,7512.22451977559
17532,1762.04200005531,1083.62872142473,1097.25284180331,1131.34877825055,1131.34877825055,1249.82812219135
21263,994,1874.17965299994,1623.59034537942,1796.89392324733,1796.89392324733,1711.23522627522
18179,859,1900.29178142475,1981.15442586813,1817.98860668069,1817.98860668069,3193.74748745156
7413,621,925.355551442947,796.451951281487,765.769371106763,765.769371106763,743.33131747936
8224,203.901000022888,727.340068789408,546.75806915937,596.473827901066,596.473827901066,1666.98922908987
7600,1730,375.756392131473,393.91827055343,442.776771396541,442.776771396541,212.419619117254
18918,1086,1603.54019384862,1482.50937629305,1444.03305398754,1444.03305398754,1869.43807705256
16012,356,1916.41922142065,1615.13062925533,1454.10418267409,1454.10418267409,1329.76283437063
8041,1017.89999985695,1278.508785568,1692.53483662889,2176.60442733141,2176.60442733141,1602.96218311382
2687,1687.04200005531,1673.83955647307,1981.93252390015,2461.74678345443,2461.74678345443,3947.79775649382
6505,567.15700006485,782.124918911529,1109.27737196126,912.885341586326,912.885341586326,977.383422299262
1840,1318.92199993134,1122.6696889831,1070.22892679921,1131.54779085027,1131.54779085027,1270.48025479749
2641,1512,1559.12232767172,1468.37086922351,1442.77627908789,1442.77627908789,1608.14757744879
20300,1062.61899995804,144.248102261388,296.240167753939,181.317431825644,181.317431825644,458.165001345576
6601,1012,1337.261116426,2352.16834700539,2002.03575064539,2002.03575064539,1213.11679945177
15116,337,1037.99413068873,1203.1131643832,1083.21309909573,1083.21309909573,1635.05155224006
18596,752.99799990654,1730.36458093655,1753.00837398998,1517.74567290881,1517.74567290881,1880.10132913358
21927,617.874000072479,839.872617627571,1131.14808837937,666.556585067665,666.556585067665,811.308199020047
20191,1814.91799998283,1633.10109035896,1559.94363815513,1726.48174055143,1726.48174055143,2478.20107154403
16965,716,1728.83184501227,1441.21472226798,1988.20221556073,1988.20221556073,3164.03598078521
2203,741.858999967575,1507.39815580104,1621.3948051003,1664.28700709757,1664.28700709757,1651.66269043592
9104,1610.61699986458,1023.15890453817,1080.51995358819,1044.90019859864,1044.90019859864,1421.35054184244
22774,558,1476.15133962698,1852.54121068548,1626.26049379539,1626.26049379539,2265.29748618978
5570,940,1131.6613707525,742.446471602972,1094.65494424672,1094.65494424672,1325.15220542094
9101,917,199.247204612762,162.847541777117,218.210954049042,218.210954049042,161.25159519768
3960,1270.76699995995,769.432134287235,653.166707329767,1421.61070373173,1421.61070373173,860.161406505001
7362,248.014999866486,365.827179929369,296.871088471944,318.952057456886,318.952057456886,106.043380775778
16094,1310,765.039307122701,604.569922779702,535.548341732935,535.548341732935,286.649187240379
35,939,1190.95041056758,1214.02799301203,1189.29227371394,1189.29227371394,2065.58188573258
9057,557,2479.08358025725,2254.84026982172,1853.49098675867,1853.49098675867,2561.65717937683
8549,1096,709.451166189763,675.754264160372,553.622937528321,553.622937528321,163.111985038881
9677,1020.07299995422,2303.15913730306,3382.15066074205,2816.23858302883,2816.23858302883,3131.88420504182
16776,923.986000061035,2632.76228769814,2875.02764161776,3459.13441501693,3459.13441501693,2039.32654754745
1041,1694,1059.70432644045,1118.4763193541,891.461660442006,891.461660442006,1030.80459819228
2585,1212.84299993515,1239.73275435879,1346.49463521592,1261.30788514062,1261.30788514062,1265.01541821808
8634,1893,2776.8480225696,2406.13685597989,2495.03629398952,2495.03629398952,2842.26960191092
10185,1827,1718.64611807962,2619.62671543299,1347.76307052798,1347.76307052798,2428.98645337037
10536,1919,1330.92815880597,1484.19630245659,1439.38337055774,1439.38337055774,1707.10415547448
12083,1735.69799995422,1724.89726182454,1413.75218448705,1181.67731859882,1181.67731859882,1855.66013799792
12283,1071.04299998283,2414.92377892369,3199.08087648496,2201.6118643401,2201.6118643401,2418.92646779252
12902,1274.02300000191,1637.16694202321,1764.13087320011,1437.93252537937,1437.93252537937,1442.75250383125
13500,2006,1351.60735951921,1200.42273269371,1202.99927733154,1202.99927733154,1258.39881373945
17298,881.661000013351,1392.23344152741,1519.7271873283,1526.62240211378,1526.62240211378,1867.14504639936
17596,1009,1083.63722683801,914.847281922005,1117.37220552548,1117.37220552548,1099.27213728418
20122,1048,900.587883461593,784.862675150892,759.236967562838,759.236967562838,895.398103613912
4549,1253.22899985313,786.999759827494,222.140959231575,274.888528888125,274.888528888125,215.412581310086
7392,898,152.425406730576,209.306298606353,148.13820738992,148.13820738992,190.531364041224
6095,964.595999956131,1307.68819637167,837.724572612684,1175.34369739342,1175.34369739342,1583.28851417069
11855,646.134999990463,779.970164569437,495.684528612376,717.056186647064,717.056186647064,301.514771730441
22522,991.141999959946,1752.97880538243,2183.02064544984,1405.77202171395,1405.77202171395,1753.90464332988
14846,1657,2781.28697646491,2070.66360858205,2636.69380421025,2636.69380421025,6475.6184306034
19565,1093,918.804852752163,919.678800845764,759.40924718027,759.40924718027,1113.87435098999
2099,825,899.884341774162,820.237815769424,937.915799383484,937.915799383484,1148.52814339518
7346,2104.12199997902,1063.43375570912,749.708883050269,961.147871265357,961.147871265357,1132.35252658103
12806,802,30.6037517504558,33.1380690250008,17.4127824763575,17.4127824763575,653.547983989037
20964,796,1303.69849610199,1800.15559247914,1272.73277426656,1272.73277426656,2174.21510223388
12623,1319.57999992371,1481.31586852257,1017.42663012632,928.599102734733,928.599102734733,887.879248810733
21322,1181.59299993515,2862.02185032521,2439.04088653023,2816.01645231102,2816.01645231102,2218.88580054373
7565,1010,1193.56618910853,1269.14502956365,1056.23211044764,1056.23211044764,1062.1787582147
19823,180,2171.57350516254,3063.81674732509,1438.70923061037,1438.70923061037,3002.7243974107
5089,192,848.369923406315,760.215114499041,582.151020058786,582.151020058786,610.774866156002
11462,1256,1902.57384929762,1061.06938606284,792.44498343249,792.44498343249,1320.99952504827
1131,1870,1682.31280084303,1334.35202246714,1475.0902895569,1475.0902895569,1993.77297016911
11959,901,1625.47301744377,1874.20011069735,1449.88203896108,1449.88203896108,1883.40578506141
12040,905.694999933243,713.064030041096,600.339246126436,942.339674097184,942.339674097184,1119.94538178829
16466,654.786999940872,809.544416695401,668.147581154761,885.262294156033,885.262294156033,644.814200162333
14396,964,917.233672942869,605.539956700298,700.86591916568,700.86591916568,638.27739413136
20440,1989,1593.66401287987,1882.31323234054,1665.53552612674,1665.53552612674,2516.62684604331
9279,1219.88899993896,1190.25989469204,1362.69273708716,989.325294306561,989.325294306561,1052.04805113739
15225,632.986999988556,266.019361802881,225.011919226503,441.013554676527,441.013554676527,334.573188079021
20135,1022.32500004768,873.172020047349,996.352662115853,931.745855163326,931.745855163326,2152.93097949969
18358,616.022000074387,831.451553279873,1164.15218357826,960.976576399837,960.976576399837,776.449656139521
13580,1034,1755.19178523631,2113.83763830179,2074.37340838223,2074.37340838223,3582.23547405132
22110,1133,2183.09250415,1883.60859391476,2224.18533686313,2224.18533686313,2946.37630237612
17401,2133,1583.86298162495,1627.84706133909,1342.1584563351,1342.1584563351,1164.50067956055
6089,949.048000097275,387.327745296315,364.132401556928,385.327463593623,385.327463593623,552.350299123372
15622,136.783999919891,1751.9555225251,1555.75327935641,1346.18564113939,1346.18564113939,1162.80439250624
10044,1033.66400003433,1478.42721739033,1873.96673705329,1491.44409726223,1491.44409726223,1392.74694243527
214,2159,1456.07132063658,1275.29807459317,1107.08755312194,1107.08755312194,1191.76779195419
8011,239.15499997139,2258.15090126845,1938.72979822872,1777.52675429277,1777.52675429277,1900.92818531584
19816,403.003999948502,841.051488977915,737.212926959459,1634.97663244146,1634.97663244146,722.442415781074
22754,310.651000022888,839.207976058592,923.883489938827,814.68841194364,814.68841194364,751.256575989259
13018,746.614000082016,635.45335401307,639.740643767053,652.05095591497,652.05095591497,1325.63836859177
8357,1216.8069999218,1811.61651204391,1862.01953656624,1762.73888894483,1762.73888894483,2866.27381137168
10298,1971,1192.34777024978,1364.29704689989,1047.39957104688,1047.39957104688,1560.01342633135
20511,619.266000032425,2143.82051393936,2486.18256618402,2399.56732151492,2399.56732151492,1815.91809652875
633,1403.03500008583,122.49884045938,124.438068629327,123.717526043369,123.717526043369,130.582464855731
13827,748,1562.34298008039,1574.72085217833,1606.57696545679,1606.57696545679,2096.94193969205
15034,850.213999986649,1651.87094271664,1449.72744817707,1611.29246437404,1611.29246437404,2580.12016530909
7663,311,703.40938519132,709.666997703116,889.0038089256,889.0038089256,762.626285002064
22866,1477.01900005341,3193.21488190547,2716.9781232594,3265.27066368263,3265.27066368263,6140.86786438256
11778,535,947.846859823593,792.427592434854,983.83427799278,983.83427799278,1369.32731514486
4703,1535.77600002289,1266.93217794555,2404.94890727148,1147.03425337765,1147.03425337765,1066.63908404333
3687,1044.0490000248,384.121240564703,290.00157226328,459.617231732128,459.617231732128,427.415174340263
8588,995.746000051498,1403.32628520213,1404.86011645358,1574.45023824912,1574.45023824912,1145.48043236855
15514,540,1318.5911333652,976.496360525568,1194.43893913618,1194.43893913618,1662.61981147785
11488,3874,844.555302706194,986.70446187325,984.599063350898,984.599063350898,1312.53559626055
8010,1177,806.215214852928,667.696180114726,568.981277666595,568.981277666595,774.063423664205
11548,1845.00600004196,67.4843938224979,84.9156963623571,65.5672451633426,65.5672451633426,95.7716601093237
17385,132,204.423975646408,291.683778045268,222.463197893055,222.463197893055,131.95746127943
10488,1154,1293.7564074994,1048.14864619425,1043.14264590817,1043.14264590817,1241.06209155169
21119,956,1114.34756411188,872.506271365744,1055.36661474658,1055.36661474658,1238.7558713147
22496,1051.05999994278,1030.64630580396,737.247785876401,883.315757365869,883.315757365869,1431.63815506317
18610,1028.8180000782,335.084230870161,336.023849026621,211.306270692511,211.306270692511,171.878839616111
4871,1766,198.747603340868,323.097111963649,242.028411737056,242.028411737056,178.993387880656
16963,291.411000013351,198.707677531964,171.243197664054,352.428697410575,352.428697410575,237.665770036482
4836,2244,552.978617782371,496.782486755492,520.068943737671,520.068943737671,1139.76638456278
12384,1787.43300008774,774.099157136431,1051.11439345568,754.964514068188,754.964514068188,1182.03995163308
811,1306,2742.70672033548,1203.72142072865,1388.18848189516,1388.18848189516,723.268543472227
1938,196,454.419074545326,418.436763310723,394.833900059983,394.833900059983,470.946172099879
7911,800,157.853831618108,145.903633523693,414.877348994931,414.877348994931,177.753029709002
57,914.34299993515,252.790833844346,199.924372567615,199.84773770605,199.84773770605,172.570695501799
312,1520,450.107523017299,352.824989253558,521.968911693586,521.968911693586,389.167702373219
2113,1162,140.375030947697,197.295850014043,109.854794423412,109.854794423412,214.272037016475
15900,426.016999959946,257.926371624987,91.3068876422944,212.06391611804,212.06391611804,143.025577287559
22161,1354,737.802452380505,555.517181992143,692.772747691537,692.772747691537,576.593038983398
2180,520,582.993561950016,506.446968953536,521.342585321236,521.342585321236,623.097344990746
16929,337,1468.18089809837,1253.12324161782,1156.00386581643,1156.00386581643,1413.49693810651
21136,844,1975.68568933568,2087.96098772418,1729.56537780841,1729.56537780841,1363.38080280934
23,924,1198.966691046,997.366995924605,1148.5068983084,1148.5068983084,2370.52318563108
17734,1046,593.671230314246,429.1048011227,588.960619391842,588.960619391842,601.25736967978
258,2783.01699995995,2403.45888022176,2228.05161615389,2242.14682601458,2242.14682601458,4251.80541923126
2324,783,1374.73048489398,1415.57984589835,1046.37717486076,1046.37717486076,1728.07549483895
4135,822.023000001907,1274.65286369744,1211.05786481067,1071.3758572359,1071.3758572359,1587.37280320184
7228,1180.91700005531,444.304975364317,446.359659158816,615.095985916712,615.095985916712,681.219310952963
21929,851.000999927521,1317.04755990163,1233.44813722024,1160.13163668106,1160.13163668106,1849.56242709457
352,1715.14400005341,499.876585247084,483.415079396767,412.460644598069,412.460644598069,525.500909087016
6117,1177.5680000782,132.126252310291,56.571961705617,110.161388349941,110.161388349941,298.775440564446
11569,869,707.272834862244,671.990380973944,768.224640214386,768.224640214386,882.465074935045
7834,2424.16199994087,344.740231478912,355.353042846019,362.85107359165,362.85107359165,529.112979428294
21940,798,1857.17470254248,892.941473367854,3244.78916630218,3244.78916630218,1825.58003518963
585,1639,745.668700779009,647.456713787679,698.646581746602,698.646581746602,691.333268732512
20924,1161,1978.52754596962,970.31291934645,1719.22398555949,1719.22398555949,2016.98616630606
9622,1437.5039999485,1400.71651771089,1477.63832934083,1536.97579756457,1536.97579756457,1823.27609769746
13690,640,1033.61221032109,815.65494381229,938.336117439619,938.336117439619,1327.38087453247
11633,1321,1246.82139432478,1243.51203506349,1283.23379746593,1283.23379746593,1061.63536672252
22518,669.214999914169,1522.48764334996,1163.08320498095,1536.84307131722,1536.84307131722,1328.88348034281
7612,1287,1672.72990454131,1593.37524185247,1515.24416353246,1515.24416353246,1801.83555088266
4265,1878,249.606941219234,254.42299701851,249.656617841017,249.656617841017,251.059940838548
18686,534,1145.81487732214,1144.33697161482,1293.06647968107,1293.06647968107,1080.70405156559
995,1694,3596.59985335188,3174.28498736202,3226.65449860901,3226.65449860901,5038.05377485886
6566,1909,1441.23519866889,1474.24517527705,1710.47783198948,1710.47783198948,1479.78878921587
12415,1689,2927.61406337382,2858.29306646117,2575.72205616845,2575.72205616845,5974.02301138264
14194,1537,1524.33582170862,1869.77125335862,1821.72319371952,1821.72319371952,1472.11566945961
16848,1225,1469.72892154453,1110.54317677203,1216.21613723357,1216.21613723357,1108.65263535893
704,1638,519.402784453704,585.733315770692,580.917641103211,580.917641103211,797.881933882546
10199,609,1588.05330747833,1402.28766409556,1668.37080262415,1668.37080262415,1672.76413038436
16155,1072.89400005341,3799.47871211642,3432.97967418275,4027.82609267874,4027.82609267874,8005.56322209878
17889,366,999.169505871512,904.088046476233,1084.35673491297,1084.35673491297,664.279175293596
21651,1137,2019.01458485263,2742.36442076857,2130.31863536398,2130.31863536398,2804.91953249577
3451,1883,1544.40318502813,1931.49709630936,1881.99967909668,1881.99967909668,2006.15499898078
10781,782,202.7091979418,343.141190182402,189.81427767797,189.81427767797,271.609911373369
18371,1530.97699999809,868.260310371235,786.482231280764,801.591829314257,801.591829314257,1122.57097435966
21057,593,810.180398304256,764.059971454201,808.278162500814,808.278162500814,856.14280054381
6607,745,1282.36970395072,849.781470599999,1111.32797275513,1111.32797275513,1318.12133375529
4987,2173.99699997902,1506.14649696627,1425.42080008111,1310.50726321313,1310.50726321313,1788.28249548414
13601,1038,1380.04609362084,1468.09195767478,2174.30365442059,2174.30365442059,3189.12211335697
208,1646,2474.45564962182,2262.67525397834,2588.92259532465,2588.92259532465,2699.70721733393
10509,790,1065.98381463729,871.838935999669,884.10900351384,884.10900351384,1072.32663324857
11607,1743.99399995804,1855.99123594128,1034.030431949,1674.16478153924,1674.16478153924,2113.84018737054
15127,1523.08599996567,1376.12028422396,1193.12536482206,1303.78965203037,1303.78965203037,937.561090136003
20865,1221.91400003433,1885.49449605304,1130.72592544636,1711.09248836837,1711.09248836837,849.945987772148
2533,957,401.046428869957,383.035501170401,572.342258129305,572.342258129305,436.74683593769
22616,604,716.885356683594,1048.42947204876,656.697120732677,656.697120732677,586.833081930755
1315,681.335999965668,678.411550407782,931.072219183471,957.107763779668,957.107763779668,734.399508095639
14082,2492.23399996758,1561.54857441727,1342.53809950471,1287.10050747839,1287.10050747839,1134.3517075253
9273,1830,874.718729089403,978.435470600856,1237.20275259089,1237.20275259089,1511.42670324308
19247,1482,2238.32565545771,1705.7315355051,2474.54939902069,2474.54939902069,2605.721942238
2736,1567,1214.31307917438,1296.82241865963,1275.35532942468,1275.35532942468,1377.39194633189
7372,287,77.4316091045625,82.412047237321,73.8816243322399,73.8816243322399,102.236728476134
12820,287,1373.01758363925,1452.58841163983,1338.12264084806,1338.12264084806,817.33490585967
22455,1371,354.099913340578,399.245552379957,370.980900035398,370.980900035398,266.678099678128
4102,97,708.727596297776,503.250510299737,560.560981017771,560.560981017771,380.741309320248
21177,746,1197.17820439224,786.042452637919,1693.15960948858,1693.15960948858,1740.50507538026
7540,1601.16400003433,665.072266552654,618.162409388126,722.556741206849,722.556741206849,634.29220336828
4973,1080,387.275971519682,560.16519980319,375.316562205188,375.316562205188,1122.74539912396
12238,1435,1061.85304937502,1420.4641151268,1040.58802048515,1040.58802048515,1176.12257151679
9216,2595,488.108847334837,312.298186678718,489.635899750107,489.635899750107,610.569667103259
3738,1015.9430000782,683.086767171793,301.607089310233,318.748637427795,318.748637427795,161.717395802156
760,657.107000112534,723.39514736518,781.896544074346,1014.16823740115,1014.16823740115,902.48923392346
8352,687,284.35047954538,308.12348334069,228.189841504125,228.189841504125,281.891712643424
1329,903,449.635865806148,348.82438917625,496.144599413982,496.144599413982,372.878713678175
8383,920.496999979019,496.392944326074,403.461464090016,461.299685225726,461.299685225726,650.438798618892
21920,766.102999925613,216.478512170167,156.758020962361,176.384744748101,176.384744748101,328.199689070479
11298,1173.17100000381,1165.79053023841,559.664233783956,865.649901791069,865.649901791069,469.020179537179
12245,1453,1388.44329505952,1420.6344094805,1335.54081466616,1335.54081466616,1598.26210496903
19147,560,189.089153071203,229.746822775032,240.158484650299,240.158484650299,112.503664288862
12112,1335.60599994659,742.07813845465,642.841994150319,731.520997686112,731.520997686112,1944.86198809695
3894,1053.86199998856,772.979817419279,399.513328434435,830.943489797165,830.943489797165,571.176711542909
6643,2219,2123.57746003716,1956.35315486905,2093.1139744045,2093.1139744045,2374.35479299205
12266,1220.08599996567,2212.32500308514,2662.6848737138,1827.74237891732,1827.74237891732,2693.366591935
13533,1456.58699989319,809.348466952832,799.069894393393,829.342936079993,829.342936079993,802.590298683693
19923,1409,1380.48356728426,1147.36115981641,1445.35317818651,1445.35317818651,2554.24834308055
2970,928,445.891888597265,478.969221247076,388.904347580482,388.904347580482,677.414457262605
6075,879.796000003815,669.980425616041,876.082978859525,649.684358721223,649.684358721223,785.655374258861
6309,1192.02800011635,737.096206624027,584.539764241794,573.815422714918,573.815422714918,498.93960711987
2091,266,115.7400322658,93.6880582641402,123.947962087229,123.947962087229,57.4178640199969
20883,245,563.540427583819,324.510391127919,693.413880986772,693.413880986772,556.459638947924
3011,972,107.652376731246,229.481443986343,153.509443928388,153.509443928388,227.835665202897
3264,1295,2156.24642576446,2359.55985082821,2248.87059009486,2248.87059009486,1086.77786331091
3367,2041,700.750772689113,471.377230801401,1429.8285932807,1429.8285932807,505.019383941562
5561,1318,212.828782976007,207.647904898166,144.25905585614,144.25905585614,104.886088065827
7820,1306.01600003242,224.28810519971,156.61998296358,205.752998794777,205.752998794777,175.927804031732
11263,1473,488.746589565297,243.420635523554,263.058748044212,263.058748044212,321.57090883433
14674,1223,1097.57285197389,1917.56657607608,1052.23081014812,1052.23081014812,1349.95303776036
16540,951.93499994278,1974.49212301732,1780.6599523211,2184.94696331794,2184.94696331794,3143.893071942
17622,357.973000049591,177.015914664604,126.924753645994,176.897522266612,176.897522266612,106.584811358809
3000,1116,1668.65931253159,1531.27738920975,1409.6749981148,1409.6749981148,1361.30055326389
13123,1533.11800003052,553.329822886856,519.782312444428,716.962832934002,716.962832934002,887.811521750706
16696,345.986000061035,964.640351227536,1202.68907852161,938.487940713148,938.487940713148,650.21123895965
86,350,403.930257234868,489.06167671876,390.241592952956,390.241592952956,1741.10670222594
12493,1349.56299996376,233.511627742906,789.175850505157,328.172108099957,328.172108099957,349.900374650617
20652,1135,1828.11657122527,1590.3759296116,1889.26477923559,1889.26477923559,2216.76339511574
17113,193.592000007629,1808.69258268294,1909.27480474919,1525.65566994246,1525.65566994246,1550.2696646708
17840,476.131999969482,1994.48236670062,2298.2532856278,1664.43803820718,1664.43803820718,2165.47001083072
14207,895.467000007629,762.789784415207,1210.6952321341,843.573167179671,843.573167179671,900.060252177082
21768,896,251.874520190736,407.496178998506,200.855381845167,200.855381845167,280.797658992055
17578,641,967.324475625157,503.97532058057,977.952937465775,977.952937465775,883.938443209832
9347,1305.87199997902,2483.55563980625,1809.58094140105,2013.58393981505,2013.58393981505,1745.65327424221
12074,772.549999952316,544.16002732933,598.001858244829,541.269935179303,541.269935179303,686.308170034553
1728,237,486.306461144236,471.804944021003,401.234588274537,401.234588274537,533.122630885891
17000,404,471.228081972469,429.031209265238,365.438352567074,365.438352567074,571.48217266835
3968,1122.35800004005,179.242730552129,152.776885984512,182.320240676087,182.320240676087,213.797462618794
18164,702.881999969482,1386.26538743135,1611.42436726194,1389.37983514472,1389.37983514472,1656.97283762509
21643,972,304.545437954072,279.214807395485,376.317138521971,376.317138521971,169.169502550334
21960,647,138.842174078586,299.236409375764,136.760805234727,136.760805234727,274.64029264447
4565,864,865.557129817338,827.3362023887,945.009121863344,945.009121863344,960.395896137068
17842,425,205.69771841156,148.01923204195,124.21269845263,124.21269845263,193.028251694263
19894,1055,410.115851405882,282.020579202351,754.88096122667,754.88096122667,191.91121472548
16909,382.099999904633,1383.94387330975,1300.46424617566,1244.1653352811,1244.1653352811,1243.44401420368
19859,713.917000055313,730.522653867604,761.105642152984,728.685253844647,728.685253844647,862.506782145406
17696,1649,220.908639737886,309.872216728016,216.660997709914,216.660997709914,135.334175115949
19732,673,1248.7755836092,1158.91009037632,1179.29567827225,1179.29567827225,1631.3909037531
7886,1866,796.017718429014,676.871930292031,737.362929828548,737.362929828548,718.284483189718
11376,1908,1532.73770829916,1220.69526084184,1440.01993274854,1440.01993274854,2399.20422701116
20167,985.565999984741,1238.81285036911,711.86462047972,1013.7367107145,1013.7367107145,1537.65286237167
1411,1337.30200004578,441.769259277181,245.289708391477,243.54203240251,243.54203240251,208.367318697479
8923,891,142.769350842415,249.325581944272,221.291481007925,221.291481007925,79.6319396386905
18518,1137,278.802098798884,245.711782086521,345.199053054401,345.199053054401,776.671073808851
20077,1228.89800000191,500.986540159984,612.425128546791,472.653081785145,472.653081785145,669.974621982652
20975,1036.05399990082,1546.33833304226,1671.2576594863,1598.31649202285,1598.31649202285,1287.83378061512
7123,1106,871.670832922781,1390.59006171993,861.105058807697,861.105058807697,626.059794573627
8016,657.207000017166,328.243730142713,196.995914145393,361.209452395257,361.209452395257,140.516018280352
8086,1107,290.621151006903,180.072719082696,581.198581135902,581.198581135902,180.541052798731
9090,1007,312.09555778615,457.702775855909,345.287714795809,345.287714795809,286.66640795264
8919,1721,1169.20142656032,1014.42356449698,1024.39342253183,1024.39342253183,1675.61166554851
16151,1515,441.393122529649,541.309086282412,556.767426212733,556.767426212733,427.013536983588
4848,1433,618.95439419244,796.598284043627,785.735743623904,785.735743623904,561.295651986269
8557,1495.61899995804,182.107928652199,238.515784115323,192.018915622159,192.018915622159,335.032159463166
16417,258.407999992371,862.863987527498,838.561219942329,838.621731536155,838.621731536155,1190.7578191352
20207,1274,212.158255928571,236.358762624396,220.43166386374,220.43166386374,546.879257259245
18762,298.980999946594,1177.48205703307,1150.48860633089,1371.01608465713,1371.01608465713,1206.92845116275
6678,131,510.37541208938,472.484923789899,402.967736591924,402.967736591924,666.947837954223
6909,275,462.64265151199,334.46877045651,475.435378397047,475.435378397047,604.641894041618
5034,1108,554.037338468791,512.707454412134,544.300241814763,544.300241814763,605.850294154494
16916,641.93700003624,734.322860497505,701.895247503273,723.972880470415,723.972880470415,991.655973644689
19355,649.62299990654,790.551310679255,733.900230422692,680.849100890215,680.849100890215,759.1137170798
10182,2052,642.614341038052,741.706342173893,708.107291718662,708.107291718662,806.267736824297
22837,963.042999982834,187.281774935005,257.143466783164,296.496852491967,296.496852491967,170.14336182284
14340,303.171999931335,1334.29660557635,1372.05681516661,1245.42992895494,1245.42992895494,2204.22225551923
15329,288.990999937057,2214.62647273152,2367.36738041426,2220.97654537063,2220.97654537063,6489.15295459125
3286,1402,806.562909078429,954.605333757007,836.587988889038,836.587988889038,945.11351828311
21836,235,1250.1426342138,1345.27122136437,1126.73572279196,1126.73572279196,1241.65230147446
17383,299.43499994278,2039.9710346948,2014.03549983503,2248.84229373912,2248.84229373912,3292.64574802779
13157,224,860.054984562419,903.118683646671,855.316528773758,855.316528773758,1460.55577000822
16360,959,1348.34510398364,1730.67506793113,1187.42694475224,1187.42694475224,1052.44056703735
618,1266,113.24136140273,89.9267466970033,150.14402023092,150.14402023092,86.8350453394117
9011,3628,1175.27216864815,976.518519793363,1135.32658256018,1135.32658256018,1200.12035107541
12774,1916,2262.82125198517,2077.81352751149,1827.67189076307,1827.67189076307,2914.92944396667
22845,1658,466.712646567649,699.274794433908,559.565363898891,559.565363898891,464.414921426913
22581,1010,1506.14634840945,1547.35627022079,1477.5483561973,1477.5483561973,2096.76619179222
225,799,1610.09539415843,2456.9285318223,1739.09167166614,1739.09167166614,3561.02641946197
5203,1656,2510.51031160353,2862.50998837334,2199.09636941648,2199.09636941648,2199.06831954834
13609,1895,753.260845018633,518.50003075436,841.018360541602,841.018360541602,808.834477839524
4399,1258,1449.8453633442,1457.82242014428,1575.43852204409,1575.43852204409,1421.70787137173
18534,471.125,1038.61190756008,1831.70944470539,978.509978944055,978.509978944055,1494.66380328532
9477,1701.97099995613,2866.00893605803,2341.25430820741,2844.40148069044,2844.40148069044,7183.8406029116
10948,1455,869.477565324258,693.62095946784,779.89953489241,779.89953489241,900.174902559969
15066,1720.03500008583,258.074764157494,305.870232793961,257.342240454185,257.342240454185,383.56891467139
15523,1131,732.847330600631,854.514866185836,872.426692119828,872.426692119828,505.11708252787
19279,1547,1017.95183929273,919.832492363857,1291.00697979086,1291.00697979086,1328.00169810983
22855,832,1259.99413035447,2918.77937493261,1164.16916404403,1164.16916404403,1042.12031052191
17283,458,2424.80883391285,1567.80967245651,1730.62820857283,1730.62820857283,2060.61174328713
15824,1256.99399995804,931.031952007225,831.553780289025,866.723022368346,866.723022368346,680.344145513686
5896,231,1455.46187822174,1279.47092308989,1225.44799504446,1225.44799504446,1140.26534428999
22890,182.108000040054,1861.60983881279,2619.58451591519,1975.80135856444,1975.80135856444,2017.0082411043
207,141,1762.19105552655,1088.88814549159,1728.00781178953,1728.00781178953,1141.34215624416
11043,212,153.382640622452,104.178104671598,129.779077387557,129.779077387557,77.9815300173677
17559,233.004999876022,663.892389295558,517.520309710666,490.187626590573,490.187626590573,495.285523381156
18233,226,588.481617025103,807.391027344968,583.355701596533,583.355701596533,626.295303098252
18660,451,1571.58036591129,1297.72438625938,1482.22401447366,1482.22401447366,2093.78864230057
19393,271,721.356771971557,763.24851105621,652.470476887465,652.470476887465,655.178797887797
284,1236,1118.90899646663,693.480876942869,734.023377181325,734.023377181325,2126.23448250614
20326,1997,1713.23284462581,1042.57867829519,2031.43795085143,2031.43795085143,2113.72791673581
2004,2732.46399998665,1206.18337134146,962.53726244508,1537.99433175779,1537.99433175779,1015.01384638477
4607,1456,946.906344897708,906.761331611254,1189.58865157223,1189.58865157223,802.799610958061
17248,899,1257.61193748097,907.944366597218,1216.06502797094,1216.06502797094,1766.51965564286
2535,474,979.986177385941,600.770803597072,921.251872540124,921.251872540124,578.263565807297
10762,619,253.966647301711,833.3269179787,288.668216361195,288.668216361195,251.580578031883
3937,1789.4240000248,530.190451838952,268.75802423066,562.80995677335,562.80995677335,175.679911549778
13697,2375.98799991608,843.172357264261,727.874381821184,676.482738243897,676.482738243897,1028.55511735717
17227,2346.42199993134,648.785415141939,632.965181889365,782.837947300317,782.837947300317,790.991943636452
6995,1582.04299998283,2109.22873140235,2333.22414184997,2439.7025173976,2439.7025173976,2327.24569527603
6539,1036,1376.60737476155,1384.34089650907,1370.41082102723,1370.41082102723,2216.86866799651
7295,1525,914.437831313654,976.942159155766,869.789693174836,869.789693174836,1248.02699809583
20626,638.999000072479,1289.79102975638,1025.22985118489,1578.7219018008,1578.7219018008,1587.4756560686
118,1761.0150001049,1276.78619925003,1870.48840025365,1274.08891238968,1274.08891238968,949.114421367542
6604,2398.13499999046,1250.49223539337,1310.13287363332,1045.75753684443,1045.75753684443,1598.10654322952
8407,2017.65899991989,1475.51347788483,1519.36285978845,1612.64351003315,1612.64351003315,2463.11062153218
12741,2061.88100004196,939.228396572629,831.526196022493,965.289420398055,965.289420398055,821.653469984169
14268,1322,1288.40678021903,440.700987504383,507.246824601512,507.246824601512,755.287325017799
16100,778.855000019073,1799.60916362387,1523.28274812002,1728.82427153322,1728.82427153322,3369.53476124192
16873,1197,2625.35662595058,2480.38119937538,2955.06968275649,2955.06968275649,2921.26947896986
21539,1714,614.803335136867,741.149134899473,622.26990409964,622.26990409964,758.47892149814
6475,529,174.983309146379,82.411464729342,289.51579611357,289.51579611357,71.6302820020635
16043,733.082000017166,1181.02273232315,1151.91921933007,1574.55509384331,1574.55509384331,1485.23199170246
15288,926.006999969482,2050.97131864431,2073.62712135519,1835.35129574849,1835.35129574849,2193.41165393793
625,1662.84899997711,932.706593644554,1238.80256287199,819.619243414317,819.619243414317,1126.02154977687
10620,1073,1638.40232715956,1996.98243038687,1488.54510396574,1488.54510396574,1766.42841465907
10843,1990,1308.22894133666,1593.90926708629,1760.17702604893,1760.17702604893,1558.68318105211
12367,3002.93799996376,1995.01660601169,2094.65912434079,1944.67729831537,1944.67729831537,2885.44532333595
17021,107.003000020981,1028.80556328809,1195.47074509869,899.943106999928,899.943106999928,1224.77961803619
3270,717,1358.75676921114,938.518951642445,1237.91182734842,1237.91182734842,1632.5084573933
3449,1096.94400000572,384.789480532134,292.982808397475,502.642652508988,502.642652508988,160.936535642305
2392,992,917.409605817345,944.717301845829,1029.18783330215,1029.18783330215,1544.52324213735
2504,1500,1961.95550019348,2197.55839119507,2432.26800095181,2432.26800095181,1919.58530039417
3251,506.947000026703,505.74012754388,610.287737741868,482.564266307099,482.564266307099,585.604235388705
5503,645,1949.49845449962,2006.43468792047,1830.54821761794,1830.54821761794,2380.86331847084
11416,621,1736.94505165641,1389.62650502094,1187.06852786246,1187.06852786246,795.265375080793
12676,1015.19099998474,1883.58904209484,1304.90491670848,1935.56087726931,1935.56087726931,1330.05630884841
22384,745,1985.17300698432,1183.34731031146,1482.90289164924,1482.90289164924,2227.63362364166
22470,594,1379.01745532434,1605.91637004995,1360.15259643304,1360.15259643304,1480.9994492398
3048,1063.09800004959,1126.05243495958,1151.1879090485,1134.33802534174,1134.33802534174,1506.49278820238
9078,890,2093.89370288263,1953.888746186,1852.07467289327,1852.07467289327,2079.87877762613
21097,704,1587.96457534594,1489.77474544735,1588.28182337846,1588.28182337846,1730.00184265415
4469,863,260.635645064953,334.1744391561,370.539605274491,370.539605274491,293.524815258281
7388,1528,767.025734712184,289.344919050619,510.198185900109,510.198185900109,268.352694644058
20424,1367.35100007057,1089.28087537371,1025.02671076782,1188.48896868771,1188.48896868771,1343.81559213007
2902,291,2165.15294136334,2558.03303331433,2274.93031165993,2274.93031165993,2624.2230224721
2609,1068,1447.86505318641,1577.63214426483,1461.69195985668,1461.69195985668,3605.96967928969
2695,1017.07099986076,2028.40528866123,2338.10007769914,2056.78012471879,2056.78012471879,5747.23610113157
6524,596.493999958038,659.463715668497,441.97974299043,631.012576083771,631.012576083771,1307.69797427806
9969,1449,1130.3020363932,1073.08255567611,902.068260075739,902.068260075739,1994.24604271683
2549,232,974.272645822858,923.272096427169,1089.65520995796,1089.65520995796,1331.50074193754
22673,722,776.356409500287,768.698107739286,717.000081789207,717.000081789207,637.099319130625
263,636,1081.83542367967,1189.5684491548,1033.87416132325,1033.87416132325,1363.96821232114
18606,207.986999988556,1109.4271471669,914.919668031861,1049.56306509041,1049.56306509041,1049.14277905173
14736,649,597.838696603334,463.193950265994,810.459374853051,810.459374853051,272.898878194794
10928,1168,1467.92946505123,1226.34426015798,1651.29313826888,1651.29313826888,1049.58597363143
14614,389.046000003815,236.291260175257,729.533051907988,248.520461222351,248.520461222351,275.603790112096
3991,4530,1864.76791715276,2040.76262154875,1831.82242438624,1831.82242438624,2511.89596090102
17142,706.907999992371,1007.99326555762,1058.416264504,1000.16628397181,1000.16628397181,1150.49431700913
1804,779.911999940872,1461.53400919473,1562.16077219114,1630.34118648427,1630.34118648427,1370.34037304806
18325,248,392.278240912848,306.669262693856,243.296247641514,243.296247641514,260.443451810693
17491,213,965.139765703327,1137.76198964888,997.936498778774,997.936498778774,1034.80173469092
11432,1611.99699997902,991.592063586927,910.681524148389,983.079136471616,983.079136471616,826.076057504034
4232,535,1051.63634084047,899.22911440791,962.839809636946,962.839809636946,890.517618328076
13856,885.77999997139,1940.91910552234,2099.97240129251,2079.8927781331,2079.8927781331,2640.40464186347
1826,711.991999864578,2059.70554522383,2077.78147830556,2070.04507556407,2070.04507556407,1835.84319455957
9574,574,462.033618145249,394.519451757195,692.497373781868,692.497373781868,602.414379442919
18079,672.008000135422,779.721523288098,591.616769282416,712.044331724635,712.044331724635,424.680849004448
22399,743,631.042430834481,485.503965489992,672.091604683313,672.091604683313,440.528639295543
772,1475.12199997902,857.832837103029,715.993068948663,782.380226257888,782.380226257888,1037.40158113225
8317,1285.00699996948,2020.05545521297,2168.97039062668,1875.02102292443,1875.02102292443,2673.27009149211
15671,304.99799990654,1051.89991685607,893.540887522934,1233.02259328699,1233.02259328699,1500.69239729386
16325,558.029000043869,1058.12772244318,785.900903321541,899.87936050917,899.87936050917,1188.79897176988
16975,225,1640.56999394028,1680.55464496953,1736.54536427902,1736.54536427902,2182.67846979417
20719,501.28200006485,1711.67336298967,1296.25599584423,1437.98919307063,1437.98919307063,1444.73063493933
14898,131.006000041962,1219.72306158576,962.894775115264,1052.68713025004,1052.68713025004,1158.23726050928
10812,757,784.165770668003,1020.76505599112,1432.23225425416,1432.23225425416,758.673054092008
21626,960,1243.8097437071,1323.55018729941,1228.13892755381,1228.13892755381,1252.49706513545
6286,1197.70700001717,1143.29275064223,761.124402687888,733.576123933783,733.576123933783,1025.72657897204
8408,148.975000143051,945.477180906962,1025.73947319921,1195.84912514076,1195.84912514076,1143.72186074771
15693,86,967.0322017563,697.904896852859,1212.53385200451,1212.53385200451,1616.60341386266
22130,603,1330.31801221518,1413.69253013158,1008.27626579945,1008.27626579945,1631.84911067211
6926,460,4112.06268832383,3258.48285608545,3833.14590503545,3833.14590503545,10230.854295128
22591,308,1022.86774607947,682.199692162932,1299.49160656175,1299.49160656175,519.666570394369
21337,1071,999.190666567901,994.128068806848,1204.25681686528,1204.25681686528,2218.18623213823
2521,346,1698.4408618688,1748.22865245145,1862.97056279993,1862.97056279993,1965.27526733819
2214,1294,1173.08634143463,1094.18211421769,1217.72855960071,1217.72855960071,1378.99585372507
11869,194,1561.7595197372,1228.9374872119,1165.11427145945,1165.11427145945,2171.69032279557
15990,104,1190.54186314419,896.169787865352,908.685852531006,908.685852531006,1312.35265000958
19032,107,1722.54555648341,1472.28773359727,1679.90644086403,1679.90644086403,1826.76515474924
18299,189,808.099356731796,1100.63101223519,760.565948167013,760.565948167013,1037.26141316835
7607,485,890.731702154258,1016.31451527695,987.520496288157,987.520496288157,1344.30108850162
5557,280,1039.39199197679,986.778485810758,862.728947314733,862.728947314733,619.629174750097
17029,784.358999967575,1440.89323257978,1233.4471065101,1072.48901516315,1072.48901516315,2409.77565889781
10423,438,1731.38044703418,1188.74974756795,4102.77354835609,4102.77354835609,8637.4313475153
13684,180,1831.74693324875,835.518001141383,771.635512047126,771.635512047126,918.109190784771
18404,248,280.767301255523,202.297049278804,213.780746107533,213.780746107533,170.699232173529
15842,604,374.884867595191,416.106159104146,327.542905561198,327.542905561198,491.217034466868
2934,434.055999994278,1000.97729089354,897.6100140725,1001.96443807972,1001.96443807972,780.79217977409
20349,313,769.142674267922,452.194621961492,470.159604916766,470.159604916766,392.174916517593
12968,172,1048.37257434597,958.86524272202,1268.57244216276,1268.57244216276,1170.55415840274
17844,179.065999984741,796.162380201967,688.453184990396,908.721223547644,908.721223547644,1123.53700858437
17481,131,649.449543735685,503.516051695601,964.381795257541,964.381795257541,442.219661334422
4153,429.838999986649,694.828268172354,631.43042448039,591.216688290312,591.216688290312,690.022458468908
4733,410.56299996376,1378.67282409715,1829.00438048179,1625.62249778959,1625.62249778959,2714.44148171413
959,604.339999914169,984.039493623238,695.114002022058,1223.49732622298,1223.49732622298,1552.62468275553
17736,383,1050.83001490789,975.005869592581,959.936006320121,959.936006320121,1386.10701930505
18090,224.003999948502,1044.04959929553,1075.31750097597,1033.04113001416,1033.04113001416,1353.35421390916
18418,374.003000020981,1949.98896777894,1784.99516535916,1859.76537308574,1859.76537308574,1612.08503177867
2327,327.762000083923,142.19131732733,178.343531362417,191.275319313789,191.275319313789,185.379609337764
13910,44,1006.33141450375,1398.10325853202,1367.841303215,1367.841303215,2102.62453565636
20196,1260.97600007057,523.709378270711,537.517996163092,507.161775562456,507.161775562456,815.496762363277
3001,509,1439.30211020394,1420.73318955424,1398.47978308082,1398.47978308082,1114.84832119567
10424,399,1163.69847858751,1227.58527823133,986.020552093694,986.020552093694,1308.99870066632
6333,44,508.948274231258,580.037693437503,570.998119222236,570.998119222236,1004.09967414788
18581,213.990000009537,1068.83648804967,1062.64997229328,1339.27951473453,1339.27951473453,1616.43908845588
17531,259,114.729072642537,542.329774096286,356.91464866173,356.91464866173,68.7561157510316
2526,634,1069.50401444335,1043.89724096437,1089.25338346856,1089.25338346856,1460.41583989375
6993,122.914999961853,1076.26063914383,1218.10906703281,1181.88242276959,1181.88242276959,1116.32534223023
20026,225,1803.79939037397,1415.82569787995,1693.69520807239,1693.69520807239,1908.77636685686
3623,432,1409.47758435692,1467.41881994636,1302.17125599283,1302.17125599283,1825.22652259125
17443,661,820.116258159438,1948.57020591962,818.488913427628,818.488913427628,1109.19268184883
18405,306.006999969482,1336.6449569168,1323.67612349148,1706.33368768913,1706.33368768913,628.975897720715
4686,454.220999956131,948.533399993776,880.664666180498,662.838159201085,662.838159201085,776.896651651389
3349,548,1363.32483681058,1602.58565056513,1448.62775505896,1448.62775505896,1159.62671097709
19407,705.151000022888,825.189137528054,784.305074335139,958.604080537659,958.604080537659,1210.38779163948
13189,276.273999929428,1292.80987893175,1058.54981675852,1436.39897818853,1436.39897818853,1112.4470616389
15241,249,1278.28013322033,1306.32512006929,1262.6589016973,1262.6589016973,1018.18451272935
23016,234.010999917984,775.565863971249,567.941369416856,699.069337831941,699.069337831941,780.594760431067
17378,104,590.898536255252,716.162757955414,567.916782233651,567.916782233651,822.570351104735
16878,2119,900.113906807478,1052.96994571404,897.934792172738,897.934792172738,757.905932350001
17930,230.273000001907,690.902884499831,683.552384811778,702.329617147981,702.329617147981,900.09205796268
16222,204.144999980927,1555.13302684033,1888.35847790369,1523.21143467109,1523.21143467109,1592.01171865554
20791,517.06299996376,1092.24408784814,1055.92224714217,1011.59443998159,1011.59443998159,1262.98784030753
15379,274,727.454184501183,917.990511813297,688.432367393434,688.432367393434,776.970899246439
11156,127.105999946594,1213.28789638731,1349.20410576846,1205.6812731757,1205.6812731757,1790.93588751309
22065,160.947000026703,984.68701708371,1067.35309624431,1100.82280485096,1100.82280485096,1058.14743952105
801,586.90700006485,1505.89250557577,1710.72345762537,1497.72443878358,1497.72443878358,1052.00810539504
18023,365,322.830049085552,437.527547177894,289.07976689849,289.07976689849,299.933534349041
15961,467,323.348607986642,456.863660070267,362.520606541966,362.520606541966,155.527997444359
10857,405,685.323043630836,441.156272251418,662.133663801907,662.133663801907,730.058988526162
10163,228,1397.64032393035,486.880613230023,1230.12887737672,1230.12887737672,598.532785912331
19630,509,3420.67338080848,4384.28238308835,3282.71530841297,3282.71530841297,3975.85444058087
13669,252,868.119306372444,591.807549958546,814.128196329959,814.128196329959,534.751118909027
15435,209.000999927521,1083.27670970158,1378.0832877614,1049.70581021565,1049.70581021565,2442.03685930802
20147,289,1074.6296909275,619.248923714842,900.488444520555,900.488444520555,1533.65517914613
21892,520.052999973297,271.120123792136,292.997733897023,241.604437910399,241.604437910399,137.983227618031
2745,317,489.2006479661,625.589190979613,528.538445722194,528.538445722194,789.179740653503
15642,173.000999927521,780.308554976512,921.160491104642,972.430410954821,972.430410954821,1187.12441916606
17951,132.927999973297,2368.61315683355,1499.78548327962,1890.58343862677,1890.58343862677,3124.40840300082
5897,33.0299999713898,2640.33545001999,3124.91512447333,2882.09047896187,2882.09047896187,6246.07568335312
11250,14.5650000572205,655.400023520712,811.673113248286,823.500931380863,823.500931380863,856.877453431832
10027,135,1348.21287509339,1052.06351268062,1246.29388829322,1246.29388829322,2126.66705268323
19601,165.532999992371,149.096829562601,415.651650109335,155.851979967647,155.851979967647,129.870422095147
15234,64.9969999790192,1397.0337979288,1801.43845181402,1227.29967479355,1227.29967479355,1951.8021820462
16876,74.0009999275208,129.231377058564,306.689334246138,177.029340074287,177.029340074287,58.9515869895795
